CREATE DATABASE db_oa;

USE db_oa;

SET FOREIGN_KEY_CHECKS=0;
-- ----------------------------
-- Table structure for `itcast_user_role`
-- ----------------------------
DROP TABLE IF EXISTS `itcast_user_role`;
CREATE TABLE `itcast_user_role` (
  `roleId` bigint(20) NOT NULL,
  `userId` bigint(20) NOT NULL,
  PRIMARY KEY (`roleId`,`userId`),
  KEY `FK9C95CD558C59064` (`roleId`),
  KEY `FK9C95CD55E1AE5CE` (`userId`),
  CONSTRAINT `FK9C95CD558C59064` FOREIGN KEY (`roleId`) REFERENCES `tb_role` (`id`),
  CONSTRAINT `FK9C95CD55E1AE5CE` FOREIGN KEY (`userId`) REFERENCES `tb_user` (`id`)
) ENGINE=InnoDB DEFAULT CHARSET=utf8;

-- ----------------------------
-- Records of itcast_user_role
-- ----------------------------

-- ----------------------------
-- Table structure for `jbpm4_deployment`
-- ----------------------------
DROP TABLE IF EXISTS `jbpm4_deployment`;
CREATE TABLE `jbpm4_deployment` (
  `DBID_` bigint(20) NOT NULL,
  `NAME_` longtext,
  `TIMESTAMP_` bigint(20) DEFAULT NULL,
  `STATE_` varchar(255) DEFAULT NULL,
  PRIMARY KEY (`DBID_`)
) ENGINE=InnoDB DEFAULT CHARSET=utf8;

-- ----------------------------
-- Records of jbpm4_deployment
-- ----------------------------
INSERT INTO `jbpm4_deployment` VALUES ('1', null, '0', 'active');
INSERT INTO `jbpm4_deployment` VALUES ('8', null, '0', 'active');

-- ----------------------------
-- Table structure for `jbpm4_deployprop`
-- ----------------------------
DROP TABLE IF EXISTS `jbpm4_deployprop`;
CREATE TABLE `jbpm4_deployprop` (
  `DBID_` bigint(20) NOT NULL,
  `DEPLOYMENT_` bigint(20) DEFAULT NULL,
  `OBJNAME_` varchar(255) DEFAULT NULL,
  `KEY_` varchar(255) DEFAULT NULL,
  `STRINGVAL_` varchar(255) DEFAULT NULL,
  `LONGVAL_` bigint(20) DEFAULT NULL,
  PRIMARY KEY (`DBID_`),
  KEY `FK_DEPLPROP_DEPL` (`DEPLOYMENT_`),
  KEY `IDX_DEPLPROP_DEPL` (`DEPLOYMENT_`),
  CONSTRAINT `FK_DEPLPROP_DEPL` FOREIGN KEY (`DEPLOYMENT_`) REFERENCES `jbpm4_deployment` (`DBID_`)
) ENGINE=InnoDB DEFAULT CHARSET=utf8;

-- ----------------------------
-- Records of jbpm4_deployprop
-- ----------------------------
INSERT INTO `jbpm4_deployprop` VALUES ('4', '1', '员工请假流程', 'langid', 'jpdl-4.4', null);
INSERT INTO `jbpm4_deployprop` VALUES ('5', '1', '员工请假流程', 'pdid', '员工请假流程-1', null);
INSERT INTO `jbpm4_deployprop` VALUES ('6', '1', '员工请假流程', 'pdkey', '员工请假流程', null);
INSERT INTO `jbpm4_deployprop` VALUES ('7', '1', '员工请假流程', 'pdversion', null, '1');
INSERT INTO `jbpm4_deployprop` VALUES ('11', '8', '费用报销流程', 'langid', 'jpdl-4.4', null);
INSERT INTO `jbpm4_deployprop` VALUES ('12', '8', '费用报销流程', 'pdid', '费用报销流程-1', null);
INSERT INTO `jbpm4_deployprop` VALUES ('13', '8', '费用报销流程', 'pdkey', '费用报销流程', null);
INSERT INTO `jbpm4_deployprop` VALUES ('14', '8', '费用报销流程', 'pdversion', null, '1');

-- ----------------------------
-- Table structure for `jbpm4_execution`
-- ----------------------------
DROP TABLE IF EXISTS `jbpm4_execution`;
CREATE TABLE `jbpm4_execution` (
  `DBID_` bigint(20) NOT NULL,
  `CLASS_` varchar(255) NOT NULL,
  `DBVERSION_` int(11) NOT NULL,
  `ACTIVITYNAME_` varchar(255) DEFAULT NULL,
  `PROCDEFID_` varchar(255) DEFAULT NULL,
  `HASVARS_` bit(1) DEFAULT NULL,
  `NAME_` varchar(255) DEFAULT NULL,
  `KEY_` varchar(255) DEFAULT NULL,
  `ID_` varchar(255) DEFAULT NULL,
  `STATE_` varchar(255) DEFAULT NULL,
  `SUSPHISTSTATE_` varchar(255) DEFAULT NULL,
  `PRIORITY_` int(11) DEFAULT NULL,
  `HISACTINST_` bigint(20) DEFAULT NULL,
  `PARENT_` bigint(20) DEFAULT NULL,
  `INSTANCE_` bigint(20) DEFAULT NULL,
  `SUPEREXEC_` bigint(20) DEFAULT NULL,
  `SUBPROCINST_` bigint(20) DEFAULT NULL,
  `PARENT_IDX_` int(11) DEFAULT NULL,
  PRIMARY KEY (`DBID_`),
  UNIQUE KEY `ID_` (`ID_`),
  KEY `FK_EXEC_SUBPI` (`SUBPROCINST_`),
  KEY `FK_EXEC_INSTANCE` (`INSTANCE_`),
  KEY `FK_EXEC_SUPEREXEC` (`SUPEREXEC_`),
  KEY `FK_EXEC_PARENT` (`PARENT_`),
  KEY `IDX_EXEC_SUBPI` (`SUBPROCINST_`),
  KEY `IDX_EXEC_PARENT` (`PARENT_`),
  KEY `IDX_EXEC_SUPEREXEC` (`SUPEREXEC_`),
  KEY `IDX_EXEC_INSTANCE` (`INSTANCE_`),
  CONSTRAINT `FK_EXEC_INSTANCE` FOREIGN KEY (`INSTANCE_`) REFERENCES `jbpm4_execution` (`DBID_`),
  CONSTRAINT `FK_EXEC_PARENT` FOREIGN KEY (`PARENT_`) REFERENCES `jbpm4_execution` (`DBID_`),
  CONSTRAINT `FK_EXEC_SUBPI` FOREIGN KEY (`SUBPROCINST_`) REFERENCES `jbpm4_execution` (`DBID_`),
  CONSTRAINT `FK_EXEC_SUPEREXEC` FOREIGN KEY (`SUPEREXEC_`) REFERENCES `jbpm4_execution` (`DBID_`)
) ENGINE=InnoDB DEFAULT CHARSET=utf8;

-- ----------------------------
-- Records of jbpm4_execution
-- ----------------------------
INSERT INTO `jbpm4_execution` VALUES ('27', 'pvm', '2', '部门经理审批', '员工请假流程-1', '', null, null, '员工请假流程.27', 'active-root', null, '0', '32', null, '27', null, null, null);
INSERT INTO `jbpm4_execution` VALUES ('40001', 'pvm', '2', '部门经理审批', '员工请假流程-1', '', null, null, '员工请假流程.40001', 'active-root', null, '0', '40006', null, '40001', null, null, null);
INSERT INTO `jbpm4_execution` VALUES ('40013', 'pvm', '2', '部门经理审批', '员工请假流程-1', '', null, null, '员工请假流程.40013', 'active-root', null, '0', '40018', null, '40013', null, null, null);
INSERT INTO `jbpm4_execution` VALUES ('50001', 'pvm', '2', '部门经理审批', '员工请假流程-1', '', null, null, '员工请假流程.50001', 'active-root', null, '0', '50006', null, '50001', null, null, null);

-- ----------------------------
-- Table structure for `jbpm4_hist_actinst`
-- ----------------------------
DROP TABLE IF EXISTS `jbpm4_hist_actinst`;
CREATE TABLE `jbpm4_hist_actinst` (
  `DBID_` bigint(20) NOT NULL,
  `CLASS_` varchar(255) NOT NULL,
  `DBVERSION_` int(11) NOT NULL,
  `HPROCI_` bigint(20) DEFAULT NULL,
  `TYPE_` varchar(255) DEFAULT NULL,
  `EXECUTION_` varchar(255) DEFAULT NULL,
  `ACTIVITY_NAME_` varchar(255) DEFAULT NULL,
  `START_` datetime DEFAULT NULL,
  `END_` datetime DEFAULT NULL,
  `DURATION_` bigint(20) DEFAULT NULL,
  `TRANSITION_` varchar(255) DEFAULT NULL,
  `NEXTIDX_` int(11) DEFAULT NULL,
  `HTASK_` bigint(20) DEFAULT NULL,
  PRIMARY KEY (`DBID_`),
  KEY `FK_HACTI_HPROCI` (`HPROCI_`),
  KEY `FK_HTI_HTASK` (`HTASK_`),
  KEY `IDX_HTI_HTASK` (`HTASK_`),
  KEY `IDX_HACTI_HPROCI` (`HPROCI_`),
  CONSTRAINT `FK_HACTI_HPROCI` FOREIGN KEY (`HPROCI_`) REFERENCES `jbpm4_hist_procinst` (`DBID_`),
  CONSTRAINT `FK_HTI_HTASK` FOREIGN KEY (`HTASK_`) REFERENCES `jbpm4_hist_task` (`DBID_`)
) ENGINE=InnoDB DEFAULT CHARSET=utf8;

-- ----------------------------
-- Records of jbpm4_hist_actinst
-- ----------------------------
INSERT INTO `jbpm4_hist_actinst` VALUES ('18', 'task', '1', '15', 'task', '员工请假流程.15', '提交申请', '2017-05-25 19:58:26', '2017-05-25 19:58:26', '47', 'jbpm_no_task_outcome_specified_jbpm', '1', '17');
INSERT INTO `jbpm4_hist_actinst` VALUES ('20', 'task', '1', '15', 'task', '员工请假流程.15', '部门经理审批', '2017-05-25 19:58:26', '2017-05-25 19:59:00', '34902', 'jbpm_no_task_outcome_specified_jbpm', '1', '19');
INSERT INTO `jbpm4_hist_actinst` VALUES ('24', 'task', '1', '21', 'task', '员工请假流程.21', '提交申请', '2017-05-25 19:58:42', '2017-05-25 19:58:42', '31', 'jbpm_no_task_outcome_specified_jbpm', '1', '23');
INSERT INTO `jbpm4_hist_actinst` VALUES ('26', 'task', '1', '21', 'task', '员工请假流程.21', '部门经理审批', '2017-05-25 19:58:42', '2017-05-25 20:37:09', '2307761', 'jbpm_no_task_outcome_specified_jbpm', '1', '25');
INSERT INTO `jbpm4_hist_actinst` VALUES ('30', 'task', '1', '27', 'task', '员工请假流程.27', '提交申请', '2017-05-25 19:58:49', '2017-05-25 19:58:50', '31', 'jbpm_no_task_outcome_specified_jbpm', '1', '29');
INSERT INTO `jbpm4_hist_actinst` VALUES ('32', 'task', '0', '27', 'task', '员工请假流程.27', '部门经理审批', '2017-05-25 19:58:50', null, '0', null, '1', '31');
INSERT INTO `jbpm4_hist_actinst` VALUES ('34', 'task', '1', '15', 'task', '员工请假流程.15', '总经理审批', '2017-05-25 19:59:00', '2017-05-25 20:36:49', '2269784', 'jbpm_no_task_outcome_specified_jbpm', '1', '33');
INSERT INTO `jbpm4_hist_actinst` VALUES ('30002', 'task', '0', '21', 'task', '员工请假流程.21', '总经理审批', '2017-05-25 20:37:09', null, '0', null, '1', '30001');
INSERT INTO `jbpm4_hist_actinst` VALUES ('40004', 'task', '1', '40001', 'task', '员工请假流程.40001', '提交申请', '2017-05-25 22:10:08', '2017-05-25 22:10:08', '63', 'jbpm_no_task_outcome_specified_jbpm', '1', '40003');
INSERT INTO `jbpm4_hist_actinst` VALUES ('40006', 'task', '0', '40001', 'task', '员工请假流程.40001', '部门经理审批', '2017-05-25 22:10:08', null, '0', null, '1', '40005');
INSERT INTO `jbpm4_hist_actinst` VALUES ('40010', 'task', '1', '40007', 'task', '员工请假流程.40007', '提交申请', '2017-05-25 22:10:22', '2017-05-25 22:10:22', '26', 'jbpm_no_task_outcome_specified_jbpm', '1', '40009');
INSERT INTO `jbpm4_hist_actinst` VALUES ('40012', 'task', '1', '40007', 'task', '员工请假流程.40007', '部门经理审批', '2017-05-25 22:10:22', '2017-05-25 22:11:04', '42010', 'jbpm_no_task_outcome_specified_jbpm', '1', '40011');
INSERT INTO `jbpm4_hist_actinst` VALUES ('40016', 'task', '1', '40013', 'task', '员工请假流程.40013', '提交申请', '2017-05-25 22:10:42', '2017-05-25 22:10:42', '28', 'jbpm_no_task_outcome_specified_jbpm', '1', '40015');
INSERT INTO `jbpm4_hist_actinst` VALUES ('40018', 'task', '0', '40013', 'task', '员工请假流程.40013', '部门经理审批', '2017-05-25 22:10:42', null, '0', null, '1', '40017');
INSERT INTO `jbpm4_hist_actinst` VALUES ('40020', 'task', '1', '40007', 'task', '员工请假流程.40007', '总经理审批', '2017-05-25 22:11:04', '2017-05-25 22:12:23', '79170', 'jbpm_no_task_outcome_specified_jbpm', '1', '40019');
INSERT INTO `jbpm4_hist_actinst` VALUES ('50004', 'task', '1', '50001', 'task', '员工请假流程.50001', '提交申请', '2017-05-26 16:50:15', '2017-05-26 16:50:15', '44', 'jbpm_no_task_outcome_specified_jbpm', '1', '50003');
INSERT INTO `jbpm4_hist_actinst` VALUES ('50006', 'task', '0', '50001', 'task', '员工请假流程.50001', '部门经理审批', '2017-05-26 16:50:15', null, '0', null, '1', '50005');

-- ----------------------------
-- Table structure for `jbpm4_hist_detail`
-- ----------------------------
DROP TABLE IF EXISTS `jbpm4_hist_detail`;
CREATE TABLE `jbpm4_hist_detail` (
  `DBID_` bigint(20) NOT NULL,
  `CLASS_` varchar(255) NOT NULL,
  `DBVERSION_` int(11) NOT NULL,
  `USERID_` varchar(255) DEFAULT NULL,
  `TIME_` datetime DEFAULT NULL,
  `HPROCI_` bigint(20) DEFAULT NULL,
  `HPROCIIDX_` int(11) DEFAULT NULL,
  `HACTI_` bigint(20) DEFAULT NULL,
  `HACTIIDX_` int(11) DEFAULT NULL,
  `HTASK_` bigint(20) DEFAULT NULL,
  `HTASKIDX_` int(11) DEFAULT NULL,
  `HVAR_` bigint(20) DEFAULT NULL,
  `HVARIDX_` int(11) DEFAULT NULL,
  `MESSAGE_` longtext,
  `OLD_STR_` varchar(255) DEFAULT NULL,
  `NEW_STR_` varchar(255) DEFAULT NULL,
  `OLD_INT_` int(11) DEFAULT NULL,
  `NEW_INT_` int(11) DEFAULT NULL,
  `OLD_TIME_` datetime DEFAULT NULL,
  `NEW_TIME_` datetime DEFAULT NULL,
  `PARENT_` bigint(20) DEFAULT NULL,
  `PARENT_IDX_` int(11) DEFAULT NULL,
  PRIMARY KEY (`DBID_`),
  KEY `FK_HDETAIL_HVAR` (`HVAR_`),
  KEY `FK_HDETAIL_HPROCI` (`HPROCI_`),
  KEY `FK_HDETAIL_HTASK` (`HTASK_`),
  KEY `FK_HDETAIL_HACTI` (`HACTI_`),
  KEY `IDX_HDET_HVAR` (`HVAR_`),
  KEY `IDX_HDET_HACTI` (`HACTI_`),
  KEY `IDX_HDET_HTASK` (`HTASK_`),
  KEY `IDX_HDET_HPROCI` (`HPROCI_`),
  CONSTRAINT `FK_HDETAIL_HACTI` FOREIGN KEY (`HACTI_`) REFERENCES `jbpm4_hist_actinst` (`DBID_`),
  CONSTRAINT `FK_HDETAIL_HPROCI` FOREIGN KEY (`HPROCI_`) REFERENCES `jbpm4_hist_procinst` (`DBID_`),
  CONSTRAINT `FK_HDETAIL_HTASK` FOREIGN KEY (`HTASK_`) REFERENCES `jbpm4_hist_task` (`DBID_`),
  CONSTRAINT `FK_HDETAIL_HVAR` FOREIGN KEY (`HVAR_`) REFERENCES `jbpm4_hist_var` (`DBID_`)
) ENGINE=InnoDB DEFAULT CHARSET=utf8;

-- ----------------------------
-- Records of jbpm4_hist_detail
-- ----------------------------

-- ----------------------------
-- Table structure for `jbpm4_hist_procinst`
-- ----------------------------
DROP TABLE IF EXISTS `jbpm4_hist_procinst`;
CREATE TABLE `jbpm4_hist_procinst` (
  `DBID_` bigint(20) NOT NULL,
  `DBVERSION_` int(11) NOT NULL,
  `ID_` varchar(255) DEFAULT NULL,
  `PROCDEFID_` varchar(255) DEFAULT NULL,
  `KEY_` varchar(255) DEFAULT NULL,
  `START_` datetime DEFAULT NULL,
  `END_` datetime DEFAULT NULL,
  `DURATION_` bigint(20) DEFAULT NULL,
  `STATE_` varchar(255) DEFAULT NULL,
  `ENDACTIVITY_` varchar(255) DEFAULT NULL,
  `NEXTIDX_` int(11) DEFAULT NULL,
  PRIMARY KEY (`DBID_`)
) ENGINE=InnoDB DEFAULT CHARSET=utf8;

-- ----------------------------
-- Records of jbpm4_hist_procinst
-- ----------------------------
INSERT INTO `jbpm4_hist_procinst` VALUES ('15', '1', '员工请假流程.15', '员工请假流程-1', null, '2017-05-25 19:58:26', '2017-05-25 20:36:49', '2303848', 'ended', 'end1', '1');
INSERT INTO `jbpm4_hist_procinst` VALUES ('21', '1', '员工请假流程.21', '员工请假流程-1', null, '2017-05-25 19:58:42', '2017-05-25 20:37:09', '2307928', 'ended', '总经理审批', '1');
INSERT INTO `jbpm4_hist_procinst` VALUES ('27', '0', '员工请假流程.27', '员工请假流程-1', null, '2017-05-25 19:58:49', null, null, 'active', null, '1');
INSERT INTO `jbpm4_hist_procinst` VALUES ('40001', '0', '员工请假流程.40001', '员工请假流程-1', null, '2017-05-25 22:10:08', null, null, 'active', null, '1');
INSERT INTO `jbpm4_hist_procinst` VALUES ('40007', '1', '员工请假流程.40007', '员工请假流程-1', null, '2017-05-25 22:10:22', '2017-05-25 22:12:23', '121187', 'ended', 'end1', '1');
INSERT INTO `jbpm4_hist_procinst` VALUES ('40013', '0', '员工请假流程.40013', '员工请假流程-1', null, '2017-05-25 22:10:42', null, null, 'active', null, '1');
INSERT INTO `jbpm4_hist_procinst` VALUES ('50001', '0', '员工请假流程.50001', '员工请假流程-1', null, '2017-05-26 16:50:15', null, null, 'active', null, '1');

-- ----------------------------
-- Table structure for `jbpm4_hist_task`
-- ----------------------------
DROP TABLE IF EXISTS `jbpm4_hist_task`;
CREATE TABLE `jbpm4_hist_task` (
  `DBID_` bigint(20) NOT NULL,
  `DBVERSION_` int(11) NOT NULL,
  `EXECUTION_` varchar(255) DEFAULT NULL,
  `OUTCOME_` varchar(255) DEFAULT NULL,
  `ASSIGNEE_` varchar(255) DEFAULT NULL,
  `PRIORITY_` int(11) DEFAULT NULL,
  `STATE_` varchar(255) DEFAULT NULL,
  `CREATE_` datetime DEFAULT NULL,
  `END_` datetime DEFAULT NULL,
  `DURATION_` bigint(20) DEFAULT NULL,
  `NEXTIDX_` int(11) DEFAULT NULL,
  `SUPERTASK_` bigint(20) DEFAULT NULL,
  PRIMARY KEY (`DBID_`),
  KEY `FK_HSUPERT_SUB` (`SUPERTASK_`),
  KEY `IDX_HSUPERT_SUB` (`SUPERTASK_`),
  CONSTRAINT `FK_HSUPERT_SUB` FOREIGN KEY (`SUPERTASK_`) REFERENCES `jbpm4_hist_task` (`DBID_`)
) ENGINE=InnoDB DEFAULT CHARSET=utf8;

-- ----------------------------
-- Records of jbpm4_hist_task
-- ----------------------------
INSERT INTO `jbpm4_hist_task` VALUES ('17', '1', '员工请假流程.15', 'jbpm_no_task_outcome_specified_jbpm', 'zhangsan', '0', 'completed', '2017-05-25 19:58:26', '2017-05-25 19:58:26', '47', '1', null);
INSERT INTO `jbpm4_hist_task` VALUES ('19', '1', '员工请假流程.15', 'jbpm_no_task_outcome_specified_jbpm', 'lisi', '0', 'completed', '2017-05-25 19:58:26', '2017-05-25 19:59:00', '34918', '1', null);
INSERT INTO `jbpm4_hist_task` VALUES ('23', '1', '员工请假流程.21', 'jbpm_no_task_outcome_specified_jbpm', 'zhangsan', '0', 'completed', '2017-05-25 19:58:42', '2017-05-25 19:58:42', '31', '1', null);
INSERT INTO `jbpm4_hist_task` VALUES ('25', '1', '员工请假流程.21', 'jbpm_no_task_outcome_specified_jbpm', 'lisi', '0', 'completed', '2017-05-25 19:58:42', '2017-05-25 20:37:09', '2307766', '1', null);
INSERT INTO `jbpm4_hist_task` VALUES ('29', '1', '员工请假流程.27', 'jbpm_no_task_outcome_specified_jbpm', 'zhangsan', '0', 'completed', '2017-05-25 19:58:49', '2017-05-25 19:58:50', '31', '1', null);
INSERT INTO `jbpm4_hist_task` VALUES ('31', '0', '员工请假流程.27', null, 'lisi', '0', null, '2017-05-25 19:58:50', null, '0', '1', null);
INSERT INTO `jbpm4_hist_task` VALUES ('33', '1', '员工请假流程.15', 'jbpm_no_task_outcome_specified_jbpm', 'wangwu', '0', 'completed', '2017-05-25 19:59:00', '2017-05-25 20:36:49', '2269789', '1', null);
INSERT INTO `jbpm4_hist_task` VALUES ('30001', '0', '员工请假流程.21', null, 'wangwu', '0', null, '2017-05-25 20:37:09', null, '0', '1', null);
INSERT INTO `jbpm4_hist_task` VALUES ('40003', '1', '员工请假流程.40001', 'jbpm_no_task_outcome_specified_jbpm', 'zhangsan', '0', 'completed', '2017-05-25 22:10:08', '2017-05-25 22:10:08', '57', '1', null);
INSERT INTO `jbpm4_hist_task` VALUES ('40005', '0', '员工请假流程.40001', null, 'lisi', '0', null, '2017-05-25 22:10:08', null, '0', '1', null);
INSERT INTO `jbpm4_hist_task` VALUES ('40009', '1', '员工请假流程.40007', 'jbpm_no_task_outcome_specified_jbpm', 'zhangsan', '0', 'completed', '2017-05-25 22:10:22', '2017-05-25 22:10:22', '25', '1', null);
INSERT INTO `jbpm4_hist_task` VALUES ('40011', '1', '员工请假流程.40007', 'jbpm_no_task_outcome_specified_jbpm', 'lisi', '0', 'completed', '2017-05-25 22:10:22', '2017-05-25 22:11:04', '42014', '1', null);
INSERT INTO `jbpm4_hist_task` VALUES ('40015', '1', '员工请假流程.40013', 'jbpm_no_task_outcome_specified_jbpm', 'zhangsan', '0', 'completed', '2017-05-25 22:10:42', '2017-05-25 22:10:42', '27', '1', null);
INSERT INTO `jbpm4_hist_task` VALUES ('40017', '0', '员工请假流程.40013', null, 'lisi', '0', null, '2017-05-25 22:10:42', null, '0', '1', null);
INSERT INTO `jbpm4_hist_task` VALUES ('40019', '1', '员工请假流程.40007', 'jbpm_no_task_outcome_specified_jbpm', 'wangwu', '0', 'completed', '2017-05-25 22:11:04', '2017-05-25 22:12:23', '79173', '1', null);
INSERT INTO `jbpm4_hist_task` VALUES ('50003', '1', '员工请假流程.50001', 'jbpm_no_task_outcome_specified_jbpm', 'zhangsan', '0', 'completed', '2017-05-26 16:50:15', '2017-05-26 16:50:15', '39', '1', null);
INSERT INTO `jbpm4_hist_task` VALUES ('50005', '0', '员工请假流程.50001', null, 'lisi', '0', null, '2017-05-26 16:50:15', null, '0', '1', null);

-- ----------------------------
-- Table structure for `jbpm4_hist_var`
-- ----------------------------
DROP TABLE IF EXISTS `jbpm4_hist_var`;
CREATE TABLE `jbpm4_hist_var` (
  `DBID_` bigint(20) NOT NULL,
  `DBVERSION_` int(11) NOT NULL,
  `PROCINSTID_` varchar(255) DEFAULT NULL,
  `EXECUTIONID_` varchar(255) DEFAULT NULL,
  `VARNAME_` varchar(255) DEFAULT NULL,
  `VALUE_` varchar(255) DEFAULT NULL,
  `HPROCI_` bigint(20) DEFAULT NULL,
  `HTASK_` bigint(20) DEFAULT NULL,
  PRIMARY KEY (`DBID_`),
  KEY `FK_HVAR_HPROCI` (`HPROCI_`),
  KEY `FK_HVAR_HTASK` (`HTASK_`),
  KEY `IDX_HVAR_HTASK` (`HTASK_`),
  KEY `IDX_HVAR_HPROCI` (`HPROCI_`),
  CONSTRAINT `FK_HVAR_HPROCI` FOREIGN KEY (`HPROCI_`) REFERENCES `jbpm4_hist_procinst` (`DBID_`),
  CONSTRAINT `FK_HVAR_HTASK` FOREIGN KEY (`HTASK_`) REFERENCES `jbpm4_hist_task` (`DBID_`)
) ENGINE=InnoDB DEFAULT CHARSET=utf8;

-- ----------------------------
-- Records of jbpm4_hist_var
-- ----------------------------

-- ----------------------------
-- Table structure for `jbpm4_id_group`
-- ----------------------------
DROP TABLE IF EXISTS `jbpm4_id_group`;
CREATE TABLE `jbpm4_id_group` (
  `DBID_` bigint(20) NOT NULL,
  `DBVERSION_` int(11) NOT NULL,
  `ID_` varchar(255) DEFAULT NULL,
  `NAME_` varchar(255) DEFAULT NULL,
  `TYPE_` varchar(255) DEFAULT NULL,
  `PARENT_` bigint(20) DEFAULT NULL,
  PRIMARY KEY (`DBID_`),
  KEY `FK_GROUP_PARENT` (`PARENT_`),
  KEY `IDX_GROUP_PARENT` (`PARENT_`),
  CONSTRAINT `FK_GROUP_PARENT` FOREIGN KEY (`PARENT_`) REFERENCES `jbpm4_id_group` (`DBID_`)
) ENGINE=InnoDB DEFAULT CHARSET=utf8;

-- ----------------------------
-- Records of jbpm4_id_group
-- ----------------------------

-- ----------------------------
-- Table structure for `jbpm4_id_membership`
-- ----------------------------
DROP TABLE IF EXISTS `jbpm4_id_membership`;
CREATE TABLE `jbpm4_id_membership` (
  `DBID_` bigint(20) NOT NULL,
  `DBVERSION_` int(11) NOT NULL,
  `USER_` bigint(20) DEFAULT NULL,
  `GROUP_` bigint(20) DEFAULT NULL,
  `NAME_` varchar(255) DEFAULT NULL,
  PRIMARY KEY (`DBID_`),
  KEY `FK_MEM_GROUP` (`GROUP_`),
  KEY `FK_MEM_USER` (`USER_`),
  KEY `IDX_MEM_GROUP` (`GROUP_`),
  KEY `IDX_MEM_USER` (`USER_`),
  CONSTRAINT `FK_MEM_GROUP` FOREIGN KEY (`GROUP_`) REFERENCES `jbpm4_id_group` (`DBID_`),
  CONSTRAINT `FK_MEM_USER` FOREIGN KEY (`USER_`) REFERENCES `jbpm4_id_user` (`DBID_`)
) ENGINE=InnoDB DEFAULT CHARSET=utf8;

-- ----------------------------
-- Records of jbpm4_id_membership
-- ----------------------------

-- ----------------------------
-- Table structure for `jbpm4_id_user`
-- ----------------------------
DROP TABLE IF EXISTS `jbpm4_id_user`;
CREATE TABLE `jbpm4_id_user` (
  `DBID_` bigint(20) NOT NULL,
  `DBVERSION_` int(11) NOT NULL,
  `ID_` varchar(255) DEFAULT NULL,
  `PASSWORD_` varchar(255) DEFAULT NULL,
  `GIVENNAME_` varchar(255) DEFAULT NULL,
  `FAMILYNAME_` varchar(255) DEFAULT NULL,
  `BUSINESSEMAIL_` varchar(255) DEFAULT NULL,
  PRIMARY KEY (`DBID_`)
) ENGINE=InnoDB DEFAULT CHARSET=utf8;

-- ----------------------------
-- Records of jbpm4_id_user
-- ----------------------------

-- ----------------------------
-- Table structure for `jbpm4_job`
-- ----------------------------
DROP TABLE IF EXISTS `jbpm4_job`;
CREATE TABLE `jbpm4_job` (
  `DBID_` bigint(20) NOT NULL,
  `CLASS_` varchar(255) NOT NULL,
  `DBVERSION_` int(11) NOT NULL,
  `DUEDATE_` datetime DEFAULT NULL,
  `STATE_` varchar(255) DEFAULT NULL,
  `ISEXCLUSIVE_` bit(1) DEFAULT NULL,
  `LOCKOWNER_` varchar(255) DEFAULT NULL,
  `LOCKEXPTIME_` datetime DEFAULT NULL,
  `EXCEPTION_` longtext,
  `RETRIES_` int(11) DEFAULT NULL,
  `PROCESSINSTANCE_` bigint(20) DEFAULT NULL,
  `EXECUTION_` bigint(20) DEFAULT NULL,
  `CFG_` bigint(20) DEFAULT NULL,
  `SIGNAL_` varchar(255) DEFAULT NULL,
  `EVENT_` varchar(255) DEFAULT NULL,
  `REPEAT_` varchar(255) DEFAULT NULL,
  PRIMARY KEY (`DBID_`),
  KEY `FK_JOB_CFG` (`CFG_`),
  KEY `IDX_JOBRETRIES` (`RETRIES_`),
  KEY `IDX_JOBDUEDATE` (`DUEDATE_`),
  KEY `IDX_JOBLOCKEXP` (`LOCKEXPTIME_`),
  KEY `IDX_JOB_CFG` (`CFG_`),
  KEY `IDX_JOB_EXE` (`EXECUTION_`),
  KEY `IDX_JOB_PRINST` (`PROCESSINSTANCE_`),
  CONSTRAINT `FK_JOB_CFG` FOREIGN KEY (`CFG_`) REFERENCES `jbpm4_lob` (`DBID_`)
) ENGINE=InnoDB DEFAULT CHARSET=utf8;

-- ----------------------------
-- Records of jbpm4_job
-- ----------------------------

-- ----------------------------
-- Table structure for `jbpm4_lob`
-- ----------------------------
DROP TABLE IF EXISTS `jbpm4_lob`;
CREATE TABLE `jbpm4_lob` (
  `DBID_` bigint(20) NOT NULL,
  `DBVERSION_` int(11) NOT NULL,
  `BLOB_VALUE_` longblob,
  `DEPLOYMENT_` bigint(20) DEFAULT NULL,
  `NAME_` longtext,
  PRIMARY KEY (`DBID_`),
  KEY `FK_LOB_DEPLOYMENT` (`DEPLOYMENT_`),
  KEY `IDX_LOB_DEPLOYMENT` (`DEPLOYMENT_`),
  CONSTRAINT `FK_LOB_DEPLOYMENT` FOREIGN KEY (`DEPLOYMENT_`) REFERENCES `jbpm4_deployment` (`DBID_`)
) ENGINE=InnoDB DEFAULT CHARSET=utf8;

-- ----------------------------
-- Records of jbpm4_lob
-- ----------------------------
INSERT INTO `jbpm4_lob` VALUES ('2', '0', 0xEFBBBF3C3F786D6C2076657273696F6E3D22312E302220656E636F64696E673D225554462D38223F3E0A0A3C70726F63657373206E616D653D22E59198E5B7A5E8AFB7E58187E6B581E7A88B2220786D6C6E733D22687474703A2F2F6A62706D2E6F72672F342E342F6A70646C223E0D0A2020203C737461727420673D223131342C34372C32342C3222206E616D653D22737461727431223E0D0A2020202020203C7472616E736974696F6E20673D222D37312C2D313722206E616D653D22746F20E68F90E4BAA4E794B3E8AFB72220746F3D22E68F90E4BAA4E794B3E8AFB7222F3E0D0A2020203C2F73746172743E0D0A2020203C656E6420673D223131332C3338352C34382C343822206E616D653D22656E6431222F3E0D0A2020203C7461736B2061737369676E65653D22237B6170706C69636174696F6E2E6170706C6963616E742E6C6F67696E4E616D657D2220673D2239312C3133332C39322C353222206E616D653D22E68F90E4BAA4E794B3E8AFB7223E0D0A2020202020203C7472616E736974696F6E20673D222D39352C2D313722206E616D653D22746F20E983A8E997A8E7BB8FE79086E5AEA1E689B92220746F3D22E983A8E997A8E7BB8FE79086E5AEA1E689B9222F3E0D0A2020203C2F7461736B3E0D0A2020203C7461736B20673D2239312C3231372C39322C353222206E616D653D22E983A8E997A8E7BB8FE79086E5AEA1E689B9222061737369676E65653D226C697369223E0D0A2020202020203C7472616E736974696F6E20673D222D38332C2D313722206E616D653D22746F20E680BBE7BB8FE79086E5AEA1E689B92220746F3D22E680BBE7BB8FE79086E5AEA1E689B9222F3E0D0A2020203C2F7461736B3E0D0A2020203C7461736B20673D2239312C3330312C39322C353222206E616D653D22E680BBE7BB8FE79086E5AEA1E689B9222061737369676E65653D2277616E677775223E0D0A2020202020203C7472616E736974696F6E20673D222D34372C2D313722206E616D653D22746F20656E64312220746F3D22656E6431222F3E0D0A2020203C2F7461736B3E0D0A3C2F70726F636573733E, '1', 'test.jpdl.xml');
INSERT INTO `jbpm4_lob` VALUES ('3', '0', 0x89504E470D0A1A0A0000000D494844520000025D000001B10802000000D78E9418000022A849444154789CEDDD2B74AB581480E12B47564656465656465656464656462291C848241289442291482412898C9C0DA70D94775E9CD3E4FF268BC5E4524A6AFEB50324FF8E0000E0C73FDD0700008041E822000035BA0800408D2E020050A38B0000D4E822000035BA0800408D2E020050A38B0000D4E822000035BA0800408D2E020050A38B0000D4E822000035BA0800408D2E020050A38B0000D4E822000035BA0800408D2E020050A38B0000D4E822000035BA0800408D2E020050A38B0000D4E822000035BA0800408D2E020050A38B0000D4E822000035BA0800408D2E020050A38B0000D4E822000035BA0800408D2E020050A38B0000D4E822000035BA0800408D2E020050A38B0000D4E822000035BA0800408D2E020050A38B0000D4E822000035BA0800408D2E020050A38B0000D4E822000035BA0800408D2E020050A38B262A8AE258F42CCB0700E09EE8A2318A63101D1C6FFB65BF6DADD7CFFDCBE77EA5965B6BF5E5BCDBEE3688DD3CCF8B8AEEC30580C74417F593C8B9FE7E57E550FA77F0767EE424599817A93C64A5EAE56EEFBC6FF72BA9E6C1FF5275647C04809BA38B9A79A12DA9DB596BA95D9A47C531538FFC67A5B99EE6F1C1DFEDECB544D40F6D664700B839BAA893ED6E77D6AB14B138E655F9E62EE54764B874BC6D96650C8E00704374518F3CCFF687CDDE798F127F683A1C5F8F52FFCB79B70E1F699A1439532300DC065DD4A1384ACFE4911FD37327C5DFCB4CEDA79C1A492300DC025D5C5C71B4DD4F9914F322BD6C526CAE4B59656A74DC2D6904809BA08B4BF3426B67BD566F9F5E3329D6CB380DB6D6AB17DA9C6B0480EBD1C545E5455EDD68B1BB7E526CAE1FFCAF9DFD96A6E9771A010097A28BCB916255015B9FC2569D5FEC5DCFCE7D5EDDD798A5599EE78C8C007031BAB81CE9A244B1AC579148D5B222AD96E57A7EF5BAE3ED248D4992E4651973DDAF1500FE2ABAB894E2E847CED67A8DB3507A36F2C8673CDF5D4FB2F073BF925F91A62917E000C0C5E8E2422454B6FB599E05CCE39F47D459CE797E683D9279D1723FD384B38C007039BAB8100995744BD29894198BFA96E199CFB797B273F915711CAB7B3674BF6200F893E8E2228A639EE75BEBD50DF64916C659708FA5EC7CBB5F4917D334FDFE607100C099E8E212245112AACFFD4B101FE23490867D2FCF7D8CFE94ECBCEC62F4DD45AE4A05800BD0C525945DCCA48BAB30F1A2D497475C2DBB8FAB9E4F3C496F144569C2BC080017A28B4B38CD8BD14F17CF7A0C45B1B54D5876715576917911002E451717511CB32C53F75154196BD671FEFAD0F27B1BD9B99A17CBBB18991701E0227471096A5EDCEE576EB0AF66BB60C6D21F581FDCE610945FCAC8BC0800D7A08B4B50E717ABFB0B3F4E97CF9431BBE97A757FE49AF38B00700DBAB804352F7EDF5F9885D56D15F532B9D1BABA3F92791100AE41171751DDBFE88576795D4CEA277998D437EC77D79BB7F357CBACB14D773D2BD7A3C4DBEE575E609DEED3605E04800BD0C54514C7222F245732D239DE36AB3EBF2D2BAA65DE58169DE5D0F39DA5E3ED76F63A0CC3F2F36ED4B76A0000CE47171722A1CAB24CD56BFC73C3CF7F481A939DB53EF83BE9621227D2453E3A1C002E43179752DDAA912689FAAA29F5E550B75AAA2F990A82208E62F555534411002E431717A22EBD49D3D40BACF26E8AC4FFF962E15FCBBCF3CCF8F3B22CCF2C569FBCFAEB4D54B2080017A18BCB51776BC83C67BBDB2FE75D92563DF26B9692C6BDF36EBB9F6110AA3B34F8922900B8065D5C507555AACC7332D559870FEBB051035F35F9653F993C633D2F52D9CFFEB00982409D59E44A5400B8125D5C9414AB3CCB98A6511C4AD2646A8CD3E0B249314A7C991425AE41E8AB77508922005C8F2E2EAAA85417E0A45114D9EE766BBD1EFCAF7327C583BF931FB4DD4F35294A14932491DD727B06005C892E2EAEBA9751A5318E622FB076F6DB97FD26754CF3787C46940D64B39DBD96EDDDC0228A00707374518372663CA5318E657094F94F52F7B95F7D39EF8EB70DA2439C8679916685142FF42347DD89B1DDAFD46D1EBEEFF74491375001E06A74518F3A8D699946191C25727EE8A84B55B7D6AB24F073FFF2592D77D6ABFAA01CD920A8C8C6E5F749A90B6DCA26124500B80DBAA8CDE95C63966632F3A9C1310AA350AA1784419FB0225B9557D9944D248A0070637451ABE2FB7E7FC95B59B9EA6D559902657C9447D9BFE6B29254B2F236453EEC0D006E8F2E1AA0BAAF517D80AA7A675535B25C24C9695D94394C333523AA7153F7A103C0A3A18BA62823575DAA2A8F7CD8770E092200DC075D34CE77207F74D7751F20003C32BA0800408D2E020050A38BE60AFC40F72100C0D3A18B47DBB64F2B4DE31BCFD9E1E4F3E37B9BF3BB0000B745177F75B1F7C971233B1CFAA7EBF70300B893A7EE622B4BE3A1EAAD66EFAEE6CC9D43FB99FFAF00807B78A82E5E1692F1797168CF231B8C17F4C8BC080006A38BC7C979F1F4AFE3CF8CCF8B9333E8AD5E0E00E01A8FD3C5DEC16BCE3B9933E334F93EEAFC75E6450030D6E374F138FCDEE650609A63DF64AB6ED8C5C9BD8D3F0F00B89FA7EE62EF66231B8F6C30F93EEAB1D3C2F16171F2B00100F740177BBA7865AB668EA733B707002CE9A1BA78EC9C2F1C295C739BE3EF288EEF79729F937B38322F0280A91EAD8B67197AB7B3F9E450BA469236A773CC8B0060A6A7EEA2E1E822002C8F2E9A8B2E02C0F2E8A2B9E822002C8F2E9A8B2E02C0F2E8A2B9E822002C8F2E9A8B2E02C0F2E8A2B9E822002C8F2E9A8B2E02C0F2E8A2B9E822002C8F2E9A8B2E02C0F2E8A2B9E822002C8F2E9A8B2E02C0F2E8A2B9E822002C8F2E9A8B2E02C0F2E8A2B9E822002C8F2E9A8B2E02C0F2E8A2B9E822002C8F2E9A8B2E02C0F2E8A2711CC7B17F735D57F74101C0B3A08BC6713DB719453FF03DCFD37D5000F02CE8A271F23C3F45D1B11D1916B334D37D5000F02CE8A289DC836B599674512645DE44058025D14513C5712C93A27431F00359D77D3800F044E8A2A1BEDF47751CDD070200CF852E1A2A0A23E9621886BA0F04009E0B5D3454712CA48B7991EB3E1000782E741100801A5D0400A046170100A8D14500006A741100801A5D0400A04617AF12269915C41B27DC38C17F5FDEBF2FD7E4E5BB13C871EEFDD88BD242F79F0E00CC44172F9117C5DE8F5EF62A39EEBF9FC7DF5ADF491E33EE8F04805FE8E2D9FC385DED3D3581BDD9811DC45192C9E058183F82A9E33C84C969BA7DF9F2E4F8751F170018842E9E67EFC76AE492B42459AE5AF8179772F05B3754AFE5E310E6E6571D00164117CFA0A22833968C5CBA8FE53664827CA9665FC9BCEE63010023D0C5B9FC385517B0C89C78D43DEDDD702983E3AA3A51BAF7A32BFF4400F000E8E22C5951A8738A6EF4209362539CE6FF55C99715DDC702009AD1C559BEBC489D873B1A30E1DD636907B13A697AF9DF08001E025D9C26ED78A9AEDE4CB387BD3845D2F86AF9F21A13EEDC00F0DCE8E2347566516629ED53DD5D973B2FFAEFCBB57C6EDB00F0D4E8E2B4AF32188F7F9F5F9864EA8E4CDD0702003AD1C56932294A304E77EE3FEA32CB0B7999ABBD77E9DF09001E015D9CF66AF9322F3EC347A6A9AB52751F0500E84417A7A90F8591A1CA84A9EEAE4BF5E17017FE9900E021D0C569FF2E9AA2369BCD69A5697CE3393B9C7C7ECEDE7A5DF64A01E091D0C569EADB278E67CE5E1227B5AE2AD55ADF4CE9EEB3B99FDEDF35733F23CB7F3FAF14009E165D9C76EE14D59A0EC7E7C5E633BDFF3A64FC00E61F6D13F32200D0C569FFEE302FB6B6197A66E8677B67C7EBE7C5FF9817013C3DBA38EDE2F38BE3F3E2E95FC79F199F172767D0B3302F02005D9C76C1F9C5C9596DCE3439F2AFBDEBD7CF8B9C5F0400BA38ED82F38BCDE5D0A8D7DCB8BB3EFEAFE7AECFC4BC08007471DA4DCE2F7667C1EED5A44373E7505C7B67C7DE6D38BF080033D1C569D7DFBF786C146B7CE3393BEC7DBEB99CBFCF16E64500A08BD3AEB97F71D3B8B3B077CBD359C0C9096F720FC7ABE745CE2F02005D9C76E5FD8BBD4F0E8D8F2363E59C5993791100AE4417A75D767EF12F2E39BF08007471DAF34C51CFF34A0160085D9CB6DAFB128C34CBB5CF73F75EAEF67C9F0680674717A7BD3B814C51519AE93E90BBE37B8901802E4EDBBAA10443C2A87D9EBBEB52C2FFDF97BBB6FC4BFF4E00F008E8E2B44398C8BC2875D47D20F76507B1E45F0663DD0702003AD1C569695EA80B52D22C3FEA9EEAEEB75CDBE569543F4E2FFD3B01C023A08BB37C566FA5EEFD58F781DC8B17A512FED5DE2B741F0900E845176789AB736FF288D307BC2A35CB0B7525AA1B26D7FC9500E001D0C5B9766E2413D5ABE54B45741FCB2D491A374E390DBF3B81EE630100FDE8E25C12C337DB57576C268F722FA3BC8E8D1354B767942FEADABF1100FC7D74F10C695E5469F45EF69E1BA6BA0FE75A7E9CCAF8ABEE598C53A2080025BA789EA2BA06477D8EE8DAF62D3FFE73671C652E3C8489BAFA541E6F76C0A408002774F112419CAAAEC8ECA89632729DD68D5D768FF9C0853600F01B5DBC9CD471E745EA4A4E3541AA87E1EB2F7B570EDB8DD287BA7C08006E842E020050A38B0000D4E822000035BA080040ED6F77D1B6ED2B37386D6377F46E3973B3C9E3E9AE00004CF027BBD8DBA7A1564D66AF5BA6D6BF767FAAB532FF78E8220018EE4F76F1D849D7713839E323DDCC508DF46FE847467E76F2D729BECF570403C0D28CE8E26533536F60C607C1F19F3D36EA357FFBA19D8FFCDEF1C39EB31F00C09DFCC92E8EBC5D796E179B151C7AC3B3FB8EE848507B8F6A68B7CD95A18304002C497F1787FA71412C8F677671E80747B619CADED0EF1D7A5DBD3F387200008065E8EFE2B12F1EBDCFB7B6199A14CF4A4EF367E7CC79437B9E9C17873A4A1701C0287FB88BADF50B92332781DD7DF6B673FEBC78EE41020096F4505DBCF82DCADE496E6883DE6D26E7C5DE97D63DE6918304002CC0882E1EFBC2335E856E7BBA81B9C9BCD87B2493C736F94F23873DF3B70000EEC1942E9EAB775E1CD9A6F9E450EA2647BDC96DE6FFDE5620E9220018E2AF76F119D04500581E5D34175D0480E5D14573D14500581E5D34175D0480E5D14573D14500581E5D34175D0480E5D14573D14500581E5D34175D0480E5D14573D14500581E5D34175D0480E5D14573D14500581E5D34175D0480E5D14573D14500581E5D34175D0480E5D14573D14500581E5D348EE338ADAF78745D57F74101C0B3A08BC6713DB719453FF03DCFD37D5000F02CE8A271F23C3F45D1B11D1916B334D37D5000F02CE8A289DC836B599674512645DE44058025D14513C5712C93A27431F00359D77D3800F044E8A2A1BEDF47751CDD070200CF852E1A2A0A23E9621886BA0F04009E0B5D3454712CA48B7991EB3E1000782E741100801A5D0400A046170100A8D14500006A741100801A5D0400A04617AF12269915C41B27DC38C17F5FDEBF2FD7E4E5BB13C871EEFDD88BD242F79F0E00CC44172F9117C5DE8F5EF62A39EEBF9FC7DF5ADF491E33EE8F04805FE8E2D9FC385DED3D3581BDD9811DC45192C9E058183F82A9E33C84C969BA7DF9F2E4F8751F170018842E9E67EFC76AE492B42459AE5AF8179772F05B3754AFE5E310E6E6571D00164117CFA0A22833968C5CBA8FE53664827CA9665FC9BCEE63010023D0C5B9FC385517B0C89C78D43DEDDD702983E3AA3A51BAF7A32BFF4400F000E8E22C5951A8738A6EF4209362539CE6FF55C99715DDC702009AD1C559BEBC489D873B1A30E1DD636907B13A697AF9DF08001E025D9C26ED78A9AEDE4CB387BD3845D2F86AF9F21A13EEDC00F0DCE8E2347566516629ED53DD5D973B2FFAEFCBB57C6EDB00F0D4E8E2B4AF32188F7F9F5F9864EA8E4CDD0702003AD1C56932294A304E77EE3FEA32CB0B7999ABBD77E9DF09001E015D9CF66AF9322F3EC347A6A9AB52751F0500E84417A7A90F8591A1CA84A9EEAE4BF5E17017FE9900E021D0C569FFFAA6A8CD6633FE53931B9CB6D974F46E3973B3C9E3E9AE9CF4BE5200782A74719AFAF689633551F5F6A9A939810D65EFB44D6BFBD633BD3FA5F679DA72FEF10CEDA1F9DBFFFDBC5200785A74715A6B8A6A8E59A7F2B5FEA9F57CD3C8DC36B27D6FF3867E64E467C77F1DF32200D0C569FF1AF3E2F1F7ACD69A0B8FBF27C5DE7378BD3FDB9CFCE66FDFDDFFE4EFEDEEA1B99FFF9817013C3DBA38AD39450DBD5D79EC9B237BB566B8EEF6CD275BBFE23830658E1CD5D06E9B2BBDAF14009E135D9CF65F675E3CF64D6967CD8BC781896D649BAEEEEF1A398656BF39BF0800BDE8E2B4EEF9C5A149B177FE6B696DD31A1F47E6BCA13D4FCE8BDDFF1DDA15F32200D0C569ADF38BDD99AC3B814DCE8BAD996FE4A79AFB6C35EFDC7971F20C25E71701802E4E9B733DEAD0E0D8D59DFFC67FAA35415E302FB67E70E898BBAF14009E105D9CF65F675E6CB5A735351E6F342FB6E6C2C93DCFF9BDA7E3EF3DBBC9F94500A08BD3E6DFBFD8BB4DF3C9EE18771C18F8263718FA1593BFB7B9D2DA0FF32200D0C569DDFB171F75C9F94500A08BD39E678A7A9E570A0043E8E2B4D5DE9760A459AE7D9EBBF772B5E7FB34003C3BBA38EDDD09648A8AD24CF781DC1DDF4B0C007471DAD60D25181246EDF3DC5D9712FEFFBEDCB5E55FFA770280474017A71DC244E645A9A3EE03B92F3B8825FF3218EB3E1000D0892E4E4BF3425D909266F951F75477BFE5DA2E4FA3FA717AE9DF09001E015D9CE5B37A2B75EFC7BA0FE45EBC2895F0AFF65EA1FB4800402FBA384B5C9D7B93479C3EE055A9595EA82B51DD30B9E6AF04000F802ECEB5732399A85E2D5F2AA2FB586E49D2B871CA69F8DD09741F0B00E84717E79218BED9BEBA623379947B19E5756C9CA0BA3DA37C51D7FE8D00E0EFA38B6748F3A24AA3F7B2F7DC30D57D38D7F2E354C65F75CF629C12450028D1C5F314D53538EA7344D7B66FF9F19F3BE32873E1214CD4D5A7F278B30326450038A18B9708E25475456647B59491EBB46EECB27BCC072EB40180DFE8E2E5A48E3B2F525772AA09523D0C5F7FD9BB72D86E943ED4E543007023741100801A5D0400A046170100A8D14500006A8FDF45DBB67BD75B4FDA1DBD5BCEDC6CFC604E1B8C6C0900D0E2F1BB78ECD4A8F75F879EE9AD606BA5B797BDEDA48B0060B807EFE2CC50F5AEB4F633B4B7A11FE9FE8AE3995DF47DBE22180096F667BA78D96835FE3E67EF4AEFBBA3433D3BEB7DD4F1DF3B7F3F0080FB79F62EF6BE3BDABB4DEF96439B4DCEA643DB5CFF920100D7F81B5DECEDC74851BA3F38D2A1D62CD87ABEB5CDD0AE7AFB77ECB4B0FBE4F8C18FBF3A00C0CDFD8D2E1E3B9198999699BBEDCDDE9CDFDE7C66B2C1741100CCF7F85D6C8D83AD504D26B0FBEBC69B37679D2E0280B11EB98B43451C9AF646763852C1E60667CD8B737EE9D04B0300DCC99FE9E2B12F4E73E6ADDEA036CB343E2FF6FE96CBE6BCD6D0799CAA3B5D0480E5FDA52E9E65E89DCF91688D6F39390E767FF5C82175773B7F3F0080FB79D82E3E00BA0800CBA38BE6A28B00B03CBA682EBA0800CBA38BE6A28B00B03CBA682EBA0800CBA38BE6A28B00B03CBA682EBA0800CBA38BE6A28B00B03CBA682EBA0800CBA38BE6A28B00B03CBA682EBA0800CBA38BE6A28B00B03CBA682EBA0800CBA38BE6A28B00B03CBA682EBA0800CBA38BC6711CA7F5158FAEEBEA3E2800781674D138AEE736A3E807BEE779BA0F0A009E055D344E9EE7A7283AB623C3629666BA0F0A009E055D34917B702DCB922ECAA4C89BA800B024BA68A2388E6552942E067E20EBBA0F07009E085D34D4F7FBA88EA3FB4000E0B9D045434561245D0CC350F78100C073A18B862A8E8574312F72DD070200CF852E020050A38B0000D4E822000035BA0800408D2E020050A38B0000D4E8E255C224B38278E3841B27F8EFCBFBF7E59ABC7C770239CEBD1F7B515AE8FED3018099E8E225F2A2D8FBD1CB5E25C7FDF7F3F85BEB3BC963C6FD9100F00B5D3C9B1FA7ABBDA726B0373BB083384A32191C0BE34730759C8730394DB72F5F9E1CBFEEE3020083D0C5F3ECFD588D5C929624CB550BFFE2520E7EEB86EAB57C1CC2DCFCAA03C022E8E219541465C692914BF7B1DC864C902FD5EC2B99D77D2C006004BA38971FA7EA021699138FBAA7BD1B2E65705C55274AF77E74E59F08001E005D9C252B0A754ED18D1E64526C8AD3FCBF2AF9B2A2FB58004033BA38CB9717A9F370470326BC7B2CED2056274D2FFF1B01C043A08BD3A41D2FD5D59B69F6B017A7481A5F2D5F5E63C29D1B009E1B5D9CA6CE2CCA2CA57DAABBEB72E745FF7DB996CF6D1B009E1A5D9CF65506E3F1EFF30B934CDD91A9FB40004027BA384D264509C6E9CEFD475D6679212F73B5F72EFD3B01C023A08BD35E2D5FE6C567F8C8347555AAEEA300009DE8E234F5A13032549930D5DD75A93E1CEEC23F13003C04BA38EDDFBC296AB3D9F4AEB79EDC74F46E3973B3F183396D30B265D3CC570A000F8C2E4E53DF3E719C316F497E4ECBA17F1D7AA65541F5BCEA5973CFE3868EE4B49FF1E5BF9F570A004F8B2E4E9B33450D85AAB9C1D04A6B3F437B1BFA91EEAF38322F02C0A5E8E2B47F33E6C5DE19B135EDB59E694D78C7D1396F7CFF67FDDED1F38BCC8B009E1D5D9C36735E1C79B2353E0ECD91DD41B377E5ACD974689B8B5F29003C36BA386DCEF9C591564D9E7DDCF49D17ECEACE88BDEBCDDFDBFB539C5F0480117471DA4DA6A84DE384DFC80C37FEBFDD9F9D9C1787F6D38B791100E8E2B439E7178FBFCB3774ADE9E4D9C1E684D73B779EB57EEEBCC8F94500A08BD326A7A866117B579A5B8ECF7043935F6B83B3E6C5C95F3AFF9502C0C3A38BD326CF2FB626C563E76CE29C79B13517CE99F386FEB5392F8E4CB1DD25E71701802E4E1B9FA29AA3D8D000D7DA7E7CCBC971B0FBAB470EA9BBDB8B5F29003C03BA386DE6F9C50758727E1100E8E2B4E799A29EE79502C010BA386DB5F7251869966B9FE7EEBD5CEDF93E0D00CF8E2E4E7B770299A2A234D37D2077C7F71203005D9CB6754309868451FB3C77D7A584FFBF2F776DF997FE9D00E011D0C5698730917951EAA8FB40EECB0E62C9BF0CC6BA0F040074A28BD3D2BC5017A4A4597ED43DD5DD6FB9B6CBD3A87E9C5EFA77028047401767F9ACDE4ADDFBB1EE03B9172F4A25FCABBD57E83E1200D08B2ECE1257E7DEE411A70F78556A9617EA4A54374CAEF92B01C003A08B73EDDC4826AA57CB978AE83E965B92346E9C721A7E7702DDC70200FAD1C5B924866FB6AFAED84C1EE55E46791D1B27A86ECF285FD4B57F2300F8FBE8E219D2BCA8D2E8BDEC3D374C751FCEB5FC3895F157DDB318A74411004A74F13C45750D8EFA1CD1B5ED5B7EFCE7CE38CA5C78081375F5A93CDEEC804911004EE8E2258238555D91D9512D65E43AAD1BBBEC1EF3810B6D00E037BA7839A9E3CE8BD4959C6A82540FC3D75FF6AE1CB61BA50F75F91000DC085D0400A046170100A8D14500006A741100801A5D0400A046170100A8D1C545D995E6FF8E6CECFB7C4530002C8D2EB68DB7EA86FB6F3572F923010074D1C5B6C5BA38F9BBE822002C8F2EFE62FFE83E39E7075B3BE9DD0F5D040093D1C5B66ECC7A9F1FDF66CECAF83E8BA2701CE7AC2307005C8F2EB65DD6C5D62C787D17F33C3F1C0E671F3D00E03A74B1ED9A7971E4A7E82200FC0974B147F72CE0CCF38B6AB3EE7A6B9BEE665D741100B4A08B86CAB2CC755DDD4701004F872E1A2A4D53CFF3741F05003C1DBA68A82CCDE822002C8F2E1A8A791100B4A08B864A9284CF470580E5D14543C5711C0481EEA30080A743170D25F362E0D34500581A5D3414F322006841170D1545511886BA8F02009E0E5D349444310A23DD4701004F872E1A8A791100B4A08B860A2BBA8F02009E0E5D34541004711CEB3E0A00783A74D150BEEFD34500581E5D3414F322006841170D25F3629224BA8F02009E0E5D348BDDC1B73002C092E8A2597CCFB72CEB1445BFA2FBA000E089D045B36459E6D8CEA98B9EEBA569AAFBA000E089D045E31C0E87EF287A9EACEB3E1C00782E74D138499C9CBAC825A900B030BA6822C7716CCB3E3887E258E83E1600782E74D144411838B6C3F74C01C0F2E8A2A16CDBCEF35CF75100C0D3A18B0000D4E822000035BA0800408D2E020050A38B0000D4E822000035BA6892E298C5491A4691EB9D1E4918C99345CE0DFE00B004BA6880A2883CDFDB7EED57EBFDCB6BEFC35AADDDCFAD6432CFB2A2A2FBA001E031D145CD2475D6FA7DFFF253C4D5FAB0F9387C7CFABBBDB7FB3A7C6C9DF70FEBBB97E5D25EBF870757C647D20800F74017B5C992549A77CAA15430F1BC639A1EB3ACF528D234F17C77B7FB09E4ABFDB649A3B8FC409CE2482001E086E8A21E49105AAB37F506A9FFB52F92A44A603EBE2CE244E6C8534A233F9034F2B62A00DC105DD440A2A84E25CABC98455177401C7FC88FC8BCA8EA18797E9E914600B819BAB8B4248C5414BDCF5DF5AEE9C48CD8BF4CB3C3E7F63B8D4C8D00703B74715159925AAFE5DBA7878F6DEFA9C4B31ECEE653BDA19A4411532300DC045D5C94BAD0C67EDB5427147B66C13C8E23E7E07EEEDC8FEDE1E35396E5F53807B77F6A4C52BBBC965576F89EA5A99A1A75BF4400F8DBE8E27242E7A0C6BBFE738A492A091CBC7FF1F52DB29DEE4FE551B45F951B78969DC9FF5657A802002E461797521CADD7F5FE651DECADEEE49787917A7FF5749F62EFBAFB7D4AF2D7CFCA0E5538933829DF4DE5937100E00A74712191EBA961B17C0755DA9666A76516865532FB27C5D6C379DF347F5696B243755F63E01C52DE4D0580EBD0C5851C3ECACB47FDDD5E75B148D26A59AE4BEA2627C5E67A3971FEFC6CB99FEF3760D7CEFB479AA459F54171BC9B0A0097A18B8B280A55B5C4F38A38C9E3589645B50C2D7BE6A4D87C6441D8DC4FE2F9EAF9388EB334636404808BD1C525A451FCFD266A14E751544451B52CD7D505A53327C5D3BACC9DADFDA8B75243CFE7AD5400B8065D5C42EC07DF9F6E13067918CAB4A796F1C1BD60582CAFB259BFC98F7FEFA7DAA75DBD19EB3B87EFB752F9607100B8085D5C4275D14D7935691604991F9C96D5A5A4E74D8AA7F5E67E64F97DFED2729224515DD4FDA201E04FA28B4B5017A37ADB5DEA79A9EF9F96FE7677D9BC589E4A94D1B0B137B7FA5838CFB2A58BBC950A0017A38B4B505D74CB2E5619FB7EF85EDDC5B3A7C6D8714EFB91A50CA3DFF3629CA84B6FB82415002E401797F0DDC5CF6D6B5E54B7E45FF668EE4796878F4FE64500B81E5D5C42ECFBEAFEC2D6F9C5EABA9B4BCE2FDAEBF7D6F945F5C9AB8173605E04806BD0C525A8FB34ACD55A1A76BA82340BCBAB49ADF5DBB993A23A55D9BCAE352FBFD0B17C3EF03CE64500B8065D5C429117EA3B179383DBBAEF30B49D0BCE2F967D6DECE774BF471445F5BC0800381F5D5C447154DF95E8EE76A74FBA397D5A4DE373E0663D82BD55FD6C7CDA8FBA7EC779FF28BB98945DE4FE4500B80C5D5C82242AAC463AEBF54D32D6FA7CD434087EBE4C637A5274379FCD9F9575A963358CAEBDBD15C7B174916FD500808BD1C585E459A6BE34C3FFB25ADFA721CB2C087F3E106EF4B4E2EEABCAEAAF9FFDFED6C6D53A0A43E9A274F6FBA3C30100E7A38B4B298E7E792A712D01CBC3A8F51D8AB294F9EFE7B68D9E4951AA991CDCEE4F65E1F727A3BA5F967A13958B6E00E01A747121122AC995FD569E4AB4DFDE8F89FA7AE1CE234943DBF177FBC3E6D3FDF894A5C432F6BCDE8D25A5B22B554D352CAA0F81E3260D00B8185D5C8EA4318DE36ABC5B1F3E3E7FF2968F2EC7B651F7F25BAF6F81E77D47913B1701E03A747141C551A2A5BE5B431E651A87A6C6A9874C8A2A8AFBEA3B34E228AECF2C72252A005C812E2EAB4A63F4FD35C26B7BFD9E47F18CA9F1F739C5D3B736AED67514F97A2900B805BAB8A8A2F29DC6EA7A99FDAABCCAB4BCE962DE98585E7D5AFDA0F55A46318A2215452EB701809BA08B4B3BA53191B1AFBC6AA68ADCEACDDDEE12CF2FEFBEE83BCB98945FBEA18AB85657EE94E7147F2645A20800B7421735F84E63964BCF7CDBF9B9A9FF557D86AAFDB6397C7CBABB9D8C86CEC767F96938ABC69D1BABB567D9E5D5A7BFA3C8E53600701374518FD3D498C92C18C7BE7390165ADFFDEBFBA49BD5EB61F3A98AA83E0455DDAAC8394500B82DBAA84D338DE5D097243202469EEF1F0ED2BFD32338B881E745650DAB09B1BA1F43DD92A16E552CA3481601E046E8A26E45F96D1BAA8E92BA2A9069390BCA7FAA80DF1D4C7E7258BD715A06315765D5FD0200E0A1D0450314D5EC58D551829755CAF748D3C6B2419D4D248A00700F74D118C54F20AB46AA4CFE5AAAE7C92100DC135D348E3A5F785A7E87F0E71900C05DD14500006A74110080DAFFBAB075015A61A8110000000049454E44AE426082, '1', 'test.png');
INSERT INTO `jbpm4_lob` VALUES ('9', '0', 0x3C3F786D6C2076657273696F6E3D22312E302220656E636F64696E673D225554462D38223F3E0D0A0D0A3C70726F63657373206E616D653D22E8B4B9E794A8E68AA5E99480E6B581E7A88B2220786D6C6E733D22687474703A2F2F6A62706D2E6F72672F342E342F6A70646C223E0D0A2020203C737461727420673D223131342C34372C32342C3222206E616D653D22737461727431223E0D0A2020202020203C7472616E736974696F6E20746F3D22E68F90E4BAA4E794B3E8AFB7222F3E0D0A2020203C2F73746172743E0D0A2020203C656E6420673D223131332C3338352C34382C343822206E616D653D22656E6431222F3E0D0A2020203C7461736B20673D2239312C3133332C39322C353222206E616D653D22E68F90E4BAA4E794B3E8AFB7222061737369676E65653D22237B6170706C69636174696F6E2E6170706C6963616E742E6C6F67696E4E616D657D223E0D0A2020202020203C7472616E736974696F6E20746F3D22E983A8E997A8E7BB8FE79086E5AEA1E689B9222F3E0D0A2020203C2F7461736B3E0D0A2020203C7461736B20673D2239312C3231372C39322C353222206E616D653D22E983A8E997A8E7BB8FE79086E5AEA1E689B9222061737369676E65653D226C697369223E0D0A2020202020203C7472616E736974696F6E20673D222D322C2D313422206E616D653D22E680BBE7BB8FE79086E5AEA1E689B92220746F3D22E680BBE7BB8FE79086E5AEA1E689B9222F3E0D0A2020202020203C7472616E736974696F6E20673D222D33312C2D323322206E616D653D22E7BB93E69D9F2220746F3D22656E6431222F3E0D0A2020203C2F7461736B3E0D0A2020203C7461736B20673D223235332C3330302C39322C353222206E616D653D22E680BBE7BB8FE79086E5AEA1E689B9222061737369676E65653D2277616E677775223E0D0A2020202020203C7472616E736974696F6E20746F3D22656E6431222F3E0D0A2020203C2F7461736B3E0D0A3C2F70726F636573733E, '8', 'test.jpdl.xml');
INSERT INTO `jbpm4_lob` VALUES ('10', '0', 0x89504E470D0A1A0A0000000D494844520000025D000001B10802000000D78E94180000249449444154789CEDDD2D98AAD0DA80E1893B4E344E344E9C689C38D168341A89442291482412894422914824128DFB85E588A3FCF9C75AEA737F5E5C1CB7E3A0E75CF37CAFFCF8B6050000BFDE746F00000006A18B000034E82200000DBA080040832E0200D0A08B000034E82200000DBA080040832E0200D0A08B000034E82200000DBA080040832E0200D0A08B000034E82200000DBA080040832E0200D0A08B000034E82200000DBA080040832E0200D0A08B000034E82200000DBA080040832E0200D0A08B000034E82200000DBA080040832E0200D0A08B000034E82200000DBA080040832E0200D0A08B000034E82200000DBA080040832E0200D0A08B000034E82200000DBA080040832E0200D0A08B000034E82200000DBA080040832E0200D0A08B000034E82200000DBA080040832E0200D0A08B000034E82200000DBA080040832E9AA82CCB6DD9B2AC6E00807BA28BC628B761EC3AFE726D7F2EAD8F9FCDFBCF66A6964B6BB676BE6C6F19265E5114654DF7E602C073A28BFA49E4BC60B3AA7328FD73FD55103B691E1565263759A97BB9DA385FCBCD4CAAE9066B5547C64700B839BAA8991FD992BA953597DA65455C6E73752B7E570ED7B3227183D5CA9E4B4483C8667604809BA38B3AD9DE72657D4811CB6D51976FEC527E44864BC75FE679CEE00800374417F5288A7CE32E36CE579C065DD361FF7A9C056BE7CB72BFB32C2D0BA64600B80DBAA843B9959EC9ADD866E74E8A7F97B97A9E6A6A248D00700B747172E5D6F67E64522CCAECB249F1705DCA2A53A3E32D492300DC045D9C9A1F592BEBA3FEF8F49A49B1592659B8B43EFCC8665F23005C8F2E4EAA288BFA448BD5F593E2E1BA1BAC57F6679665BB3402002E4517A723C5AA0336DF87ADDEBFD8BA9E9F7BBF3AAF31CFF2A228181901E06274713AD245896255AF3295AAE565562FABF5E2EA75C75F491AD3342DAA3216BA5F2B003C2ABA3895721BC4CED2FA48F2487AD6732B46DC7FBA9EE6D1CF6626BF22CB320EC001808BD1C58948A86CEFA7DA0B5824BFB7F86439E6FEAEF558E645CBFBC952F63202C0E5E8E2442454D22D49635A652C6E5B4667DE7FBC9427975F9124893A6743F72B068087441727516E8BA2585A1F5EB849F328C9C37B2CE5C9979B997431CBB2DD85C5010067A28B53904449A87E36EF61E22659280DDB2DCFBDF5FE943C79D5C578D7458E4A05800BD0C529545DCCA58BB328F5E32C905B522F4F6F57DD9FFA92DE388EB3947911002E4417A7B09F17E3DF2E9E75EB8AE2D163A2AA8BB3AA8BCC8B007029BA3889729BE7B93A8FA2CED8611DC7AF772D778F912757F362751623F322005C842E4E41CD8BCBCDCC0B37F56C178E58061DEB9D8F71C3EA4B19991701E01A74710A6AFF627D7EE1F7FEF0992A66375DAFCF8F9CB37F1100AE4117A7A0E6C5DDF98579549F56D12CD31BADABF323991701E01A747112F5F98B7E6457C7C564415A446973C2FEE9FAE1E9FCF5323F78CCE97A5EADC7A9BFDCCCFCD0DA9FA7C1BC080017A08B9328B765514AAE64A473FC655E5FBF2D2FEB6571B02C4F965DF79F2C1D7FB5B2E7511455D7BB51DFAA0100381F5D9C88842ACF7355AFFEEB869F7F9334A62B6BEE062BE9629AA4D2452E1D0E0097A18B53A94FD5C8D2547DD594FA72A85B2DD5974C856198C489FAAA29A2080097A18B135187DE6459E687567536451AFC7EB1F09F6571724FFFFDB2ACF62CD6575EFDF3212A5904808BD0C5E9A8B335649EB3BDE5DAF992A4D5B7E29AA5A471E37CD9DE4F1446EA0C0DBE640A00AE411727541F952AF39C4C7596FB6DB90B35F0D5935FFE9BC933D68B3293E7D9B88B300CD59E458E4405802BD1C54949B1AABD8C59162791244DA6C6240B2F9B14E334904951E21A4681FA04952802C0F5E8E2A4CA5A7D004E16C7B1ED2D97D6871BACCF9D14DD60253F687B3F6A529428A6692A4FCBE919007025BA38B9FA5C4695C6244EFCD05AD99F6BFB53EA981549FF8C280F9087ADECB93CDE0B2DA2080037471735A866C67D1A9344064799FF24753F9BD9DAF972FC6518BB49161565969752BC28881D7526C6723353A7790441D012453E400580ABD1453D9A3466551A657094C80591A30E555D5A1F92C09FCDFB4FBD5C591FEA4239F280B0260FAEBE4F4A1D685335912802C06DD0456DF6FB1AF32C97994F0D8E71144752BD300ADB4435795475944DD544A20800374617B52A77E7FB4BDEAACAD51FABCA1428E3A3DCAAFE1D2E6B692DAF4E53E4626F00707B74D100F5798DEA02AAEA9355D5C86A91A6FB7551E530CBD58CA8C64DDD9B0E00CF862E9AA28A5C7DA8AADC8A6EBB1C124400B80FBA689C5D207F9DAEEBDE4000786674110080065D0400A04117CD1506A1EE4D0080974317CD65DBB6EE4D0080974317CD451701607A74D15C741100A64717CD451701607A74D15C741100A64717CD451701607A74D15C741100A64717CD451701607A74D15C741100A64717CD451701607A74D15C741100A64717CD451701607A74D15C741100A64717CD451701607A74D15C741100A64717CD451701607A74D15C741100A64717CD451701607A74D15C741100A64717CD451701607A74D15C741100A64717CD451701607A74D15C741100A64717CD451701607A74D15C741100A64717CD451701607A74D15C741100A64717CD451701607A74D15C741100A647178DE3388EFD97E779BA370A005E055D348EE77B87510CC2C0F77DDD1B0500AF822E1AA7288A7D141DDB916131CF72DD1B0500AF822E9AC8733DCBB2A48B3229F2212A004C892E9A2849129914A58B6110CABAEECD01801742170DB5FB1CD571746F0800BC16BA68A8388AA58B5114E9DE1000782D74D150E5B6942E1665A17B4300E0B5D04500001A74110080065D0400A04117010068D04500001A74110080065DBC4A94E656982C9C68E184FFD6FEDBDA3379F9E584B29D9B20F1E3ACD4FDD6018099E8E2258AB2DC04F1FB4625C77BFBBD3DD6FA4AF298737E2400FC4117CF1624D96CE3AB09ECD30EED3089D35C06C7D2F8114C6DA71BA5FBE9F67DEDCBF6EBDE2E0030085D3CCF2648D4C8256949F342B5F01197B2F14B2F52AFE5DB8D0AF3AB0E0093A08B67505194194B462EDDDB721B3241BED7B3AF645EF7B6008011E8E2584192A90358644EDCEA9EF66EB894C17156EF28DD04F1956F11003C01BA384A5E966A9FA2173FC9A47828C98A7F75F26545F7B6008066747194B51FABFD705B0326BC7B2CED30513B4D2F7F8F00E029D0C561D28EF7FAE8CD2C7FDA8353248D1F5620AF31E5CC0D00AF8D2E0E537B166596D23ED5DD75B9F2E37F6BCF0A386D03C04BA38BC3D655309EFF3CBF28CDD51999BA37040074A28BC364529460ECCFDC7FD6655E94F232671BFFD2F709009E015D1CF66105322FBEC225D3D451A9BAB7020074A28BC3D4456164A83261AABBEB525D1CEEC2B709009E025D1CF676D114B5582CF62B87FA1F3CE60907EF1FF36CAD2E7BA500F04CE8E230F5ED13DB33672F89935A57953A5A5F0C397DCEC3E769FD5D239FA767F9F6FB4A01E065D1C561E74E5147D361FFBC78784FEBBF76E9DF80F15B7B88791100E8E2B0B73BCC8B478FE9BAA7EB675B67C7EBE7C57FCC8B005E1E5D1C76F1FEC5FE7971FFAFFDF7F4CF8B8333E859981701802E0EBB60FFE2E0AC36669AECF9D7D6F5EBE745F62F02005D1C76C1FEC5C365D7A877F8E0D3F5FE7F3D777D24E64500A08BC36EB27FF174163C3D9AB46BEEEC8A6BEBECD8FA18F62F02C0487471D8F5E72F6E0F8AD5FFE0314FD87AFFE172FC731E615E0400BA38EC9AF31717076716B63E72BF177070C21B7C86EDD5F322FB1701802E0EBBF2FCC5D63BBBC6C79EB172CCACC9BC080057A28BC32EDBBFF8884BF62F02005D1CF63A53D4EBBC5200E8421787CD36810423CB0BEDF3DCBD97B30DDFA701E0D5D1C5615F4E2853549CE5BA37E4EEF85E6200A08BC3965E24C190306A9FE7EEBA94F0FF5B7B732BB8F47D028067401787B9512AF3A2D451F786DC971D26927F198C756F0800E84417876545A90E48C9F262AB7BAABBDF726E57BB518324BBF47D028067401747F9A93F4ADD0489EE0DB9173FCE24FCB38D5FEADE1200D08B2E8E92D4FBDEE496644F78546A5E94EA48542F4AAF799700E009D0C5B1565E2C13D587154845746FCB2D491A174E350D7F39A1EE6D0100FDE8E25812C34F3B50476CA6CF722EA3BC8E8513D6A767542FEADAF708001E1F5D3C435694751AFDF78DEF4599EECDB956906432FEAA7316938C280240852E9EA7AC8FC151D7119DDB8115240FB7C751E642374AD5D1A772FBB443264500D8A38B9708934C75456647B594916BBF6EECF2749B5D0EB40180BFE8E2E5A48E2B3F564772AA0952DD0C5F7FDF78B2D95E9C3DD5E14300702374110080065D0400A04117010068D04500001A74110080065D0400A04117CD15047C4530004C8D2E9ACBB66DDD9B00002F872E9A8B2E02C0F4E8A2B9E822004C8F2E9A8B2E02C0F4E8A2B9E822004C8F2E9A8B2E02C0F4E8A2B9E822004C8F2E9A8B2E02C0F4E8A2B9E822004C8F2E9A8B2E02C0F4E8A2B9E822004C8F2E9A8B2E02C0F4E8A2B9E822004C8F2E9A8B2E02C0F4E8A2B9E822004C8F2E9A8B2E02C0F4E8A2B9E822004C8F2E9A8B2E02C0F4E8A2B9E822004C8F2E9A8B2E02C0F4E8A2B9E822004C8F2E9A8B2E02C0F4E8A2B9E822004C8F2E1AC7711CFB2FCFF3746F1400BC0ABA681CCFF70EA3188481EFFBBA370A005E055D344E5114FB283AB623C3629EE5BA370A005E055D3491E77A966549176552E443540098125D3451922432294A17C3209475DD9B03002F842E1A6AF739AAE3E8DE1000782D74D15071144B17A328D2BD2100F05AE8A2A1CA6D295D2CCA42F78600C06BA18B000034E82200000DBA080040832E0200D0A08B000034E82200000DBA789528CDAD305938D1C209FFADFDB7B567F2F2CB09653B3741E2C759A9FBAD030033D1C54B1465B909E2F78D4A8EF7F67B7BACF595E431E7FC4800F8832E9E2D48B2D9C65713D8A71DDA6112A7B90C8EA5F12398DA4E374AF7D3EDFBDA97EDD7BD5D006010BA789E4D90A8914BD292E6856AE1232E65E3975EA45ECBB71B15E6571D00264117CFA0A22833968C5CBAB7E53664827CAF675FC9BCEE6D010023D0C5B182245307B0C89CB8D53DEDDD702983E3ACDE51BA09E22BDF22007802747194BC2CD53E452F7E9249F1509215FFEAE4CB8AEE6D0100CDE8E2286B3F56FBE1B6064C78F758DA61A2769A5EFE1E01C053A08BC3A41DEFF5D19B59FEB407A7481A3FAC405E63CA991B005E1B5D1CA6F62CCA2CA57DAABBEB72E5C7FFD69E1570DA068097461787ADAB603CFF797E519AAB3332756F0800E8441787C9A428C1D89FB9FFACCBBC28E565CE36FEA5EF13003C03BA38ECC30A645E7C854BA6A9A352756F0500E8441787A98BC2C85065C25477D7A5BA38DC856F13003C05BA38ECAD6D8A5A2C16FD3F35F880FD6316275A1F39F26183DB73BAB2D7FA4A01E0A5D0C561EADB27B6F544D5DAA74387135857F6F68F397AFCD13DAD3FA59E73FFC8F1DBD3F50C87BFFDEDF79502C0CBA28BC38EA6A8C3316B5FBEA37F3ABAFF50CFDCD6F3F8D6E675FD48CFCFF6FF3AE64500A08BC3DE0EE6C5EDDF59ED682EDCFE9D145BF7E1B5FEECE1E437FEF1A7CF3FF87B4F9FE1F079FE312F0278797471D8E114D5F571E5B66D8E6C7534C39D3EFEF0CEA35FB1ED98327BB6AAEB690F575A5F2900BC26BA38ECDFC9BCB86D9BD2CE9A17B71D135BCF634E9DFEAE9E6D38EA37FB1701A0155D1C76BA7FB16B526C9DFF8E1C3DE6687CEC99F3BA9E79705E3CFD8F5D4FC5BC08007471D8D1FEC5D399EC74021B9C178F66BE9E9F3A7CCEA3E69D3B2F0EEEA164FF2200D0C561638E47ED1A1C4F9DCE7FFD3F7534415E302F1EFD60D7369FBE520078417471D8BF9379F1A83D4753E3F646F3E2D15C38F8CC637EEF7EFB5BF76EB27F1100E8E2B0F1E72FB63EE6F0CED3316EDB31F00D3EA0EB570CFEDEC395A3E7615E0400BA38ECF4FCC5675DB27F1100E8E2B0D799A25EE795024017BA386CB6092418595E689FE7EEBD9C6DF83E0D00AF8E2E0EFB724299A2E22CD7BD2177C7F71203005D1CB6F42209868451FB3C77D7A584FFDFDA9B5BC1A5EF13003C03BA38CC8D529917A58EBA37E4BEEC3091FCCB60AC7B43004027BA382C2B4A75404A96175BDD53DDFD9673BBDA8D1A24D9A5EF13003C03BA38CA4FFD51EA2648746FC8BDF87126E19F6DFC52F79600805E747194A4DEF726B7247BC2A352F3A25447A27A517ACDBB04004F802E8EB5F26299A83EAC402AA27B5B6E49D2B870AA69F8CB09756F0B00E84717C792187EDA813A62337D967319E5752C9CB03E3DA37A51D7BE4700F0F8E8E219B2A2ACD3E8BF6F7C2FCA746FCEB5822493F1579DB398644411002A74F13C657D0C8EBA8EE8DC0EAC2079B83D8E3217BA51AA8E3E95DBA71D322902C01E5DBC449864AA2B323BAAA58C5CFB756397A7DBEC72A00D00FC45172F27755CF9B13A92534D90EA66F8FAFBC693CDF6E2ECA90E1F02801BA18B000034E82200000DBA080040832E6258188649F2B4D7C00380437411C38AA29034BAAE9BA599EE6D0180FBA28B184BEAE8FBBEE77969CAD91D009E165D34571098F815C1799ECB864920F32CD7BD2D00707B74D15CB66DEBDE844E5996C9E058D531BF651D0F5F72EBCB5777DA275A1F39F261FD1BB37F80C9FF7500B821BA682EF3FF10AB3ACAF878C33A1ED5A8F55FBBEE69ADE0D14A6B2F5BDB491781D74417CDF5287F88D334755D370CC3A2B8EA3AAB2343D5BA72F43C5DCFD6F523A7BF624B1781574517CDF5587F88932451752CCB0B2F30D7FF3967EB4AEBA7A35D3D3BEB73D4FEDF3BF85A003C2EBA68AE47FCFB2B75741C278AA2A23C7B761CEC62EBA7A3AD8F697D64D7C30667D3AEC700784A74D15C8FFB27388E63CFF5A48E67CD8E83ADDA76EF7D6CFDFCB3EBA95AFBB73D69E1E99DE35F0B80C74517CDF5D07F88A588D245D771A591E5F6365FDD7118C5C17676FDC7D39F1D9C17BB9E07C053A28BE67A823FC4BB3ABA551DC73CFE681C3C0AD560028FEE1C6CDE9875BA08BC1ABA68AEA7F9435C9485AA63CF4556BB8AD835ED75FDEBD1037A9EE1AC7971F09702781A74D15C4FF6F7B7288A2008A48EAD97913BEAE2E99D233F326DAD60CF5675FDEBD1D0B96570045E065D34D753FEFD6DAD63D7279F3DD1EA7FE4E03878FAABBBEE3F1A227BB60AC073A08BE67AE2BFBF455EA88BAC6659A67B5B00E00FBA68AE27EEA22251545FD071DB8BAC02C035E8A2B99EBE8BCA3D2EB20A0017A38B862A8AC2755DDD5B319D344D551DAFBCC82A005C892E1AEAD5BAA83497203FFF327200701374D150AFD945254EE22B2F410E0017A38B867AE52E8A725BAA2FE8A82E23471D014C882E1AEAC5BBA89C7B193900B81E5D34145DDCDBD75126C85B5D821C00BAD04543D1C52352C7300CFB2FB20A00D7A38B86A28BADE46D5175CCD24CF7B600784E74D15074B187BC39EA4239AD972007806BD04543D1C541799E739155003747170D451747529791933A721939003741170D4517CFB2AB63E0173917CA017015BA6828BA7881E63272071759CDF2EA5B3BB838008091E8A2A1E8E2C5D48572F697919375DBB67DCFE7DC470063D04543C994E3799EEEAD7860551D1D572645FB571004BA370AC003A08B86CAB35CFEA6EBDE8AC726F3A27DC0719C24E69A000006D04543A9EFB2D7BD158FED7058DCA791933A00F4A38B86A28BD7F35C4F42E829F5BA4A235F7D0CA0075D34145DBC9EF44FDEC62449A228525700506914BA370D80B9E8E2B58EFEC8F6FFCD1DFF1799FD8B00A0055DBC567F17ED215D4FCBBC08005AD0C5ABECC336B279E3E745BA08005AD0C5CB1D46F1F4CEC37BCE1D16B774D1246192D961F2E5840B277C5B7BFFD6DEDBEFCDC0F54F3B90ED5CFB7190640557F901CE47172FD79AB7D62E0EAE9F62FFA27612152B48DE37FEBFB55F27E721972B2F923CEA7E2F81474217AFA5F2D6330E5ED645E645BDBC389D6D545ABCB91DC8BC18A67994E645DD18358699B954DB291BBC9F6EE526FFF1A66F0FF0CCE8E255F651EC7F0C9FA33E964D10AB79EBDBAD52A87B732E2793E2D28BD46BF9F1223E5605C6A08B973B9D0B070FBA19CCE11E5DD465EDC76ACCF2A2D484F9EF2613E47B3DFBCA0479EDBB03BC00BA78338347DF6CC7CD970AFB17B5F0E34CA62B89629C3ED5B71CCBD4FB610592462BE0035560005DBCD67E04ECE9E2E9BEC6C134A6594A1727961585DAA728753461CEBBED324A73F5816A923DF027C3C004E8E2E58E3E14ED3AE8A6E7B89B9E3AA669CAF7224D6C13246A3F9CEE0DB9173B4C248D7C9A0AF4A38B864A92240CF9FB351D99A9D4A19B6A9C3261C2BBF9526EB34DFD2971F6549F1203B745170D25F36218D0C5E90449F60AB3943AAA88D336801E74D150CC8B1353C170C244FB5477D7A5E4FFADBE26CEA5EF13F0FCE8A2A1D8BF38319914655E8C9EEB30D45345B9952E7E58FC4F0BE844170DC5BC3831751A439697264C75775DAAA3522F7C9B801740170DC5FEC589A9AB89AA783CB7FAF0224E01023AD14543312F4E4C7D2BC57668DE5A2C16ADEBFBA5DCA996475A1F79AAFF3776FDAEC1471E2EDF7E5F29805674D150EC5F9CD8DBE8294AE5472DBBFEB5EB9ED3581E3E60FFCCFDBAB6A46B938E8C7FA5C06BA28B86625E9CD8DB8879B1275447135BFF0CD735531ECD7F3D33E2F68A79F11FF322D08B2E1A8AFD8B131B3345B50E645D63DFF660F26BFD919E1F1CFCA583BFB7E755302F02FDE8A2A19817273666FF62FFFEBFC3996FFB777A3B7D4CEB230FEF396B36ED7A0CFB17810BD04543B17F716223E7C5AE561D3E66DB36B12DDAF60B763DD5E9838FD65B1FDC3F269EF54A815746170DC5BC38B131FB1707978751EC99E1167FE7CED309EFDC7991FD8BC00DD14543C5711C4591EEAD782123A7A8A371F06898EB1A1F5B9F64DBD6CED6A7ED5F675E046E8B2E1A2AAAE9DE8A1732B87FF1B088FD539A8A5CFFF1A8AD93DFF68A79F1F05F17BD47B4B27F11E847170DC5BC38B1C129EA68523CBD73CCBC78FA80D3C78CFCD7A3A1733B7A70645E04FAD145434914E328D6BD152FA47FFFE2A2FB48D1F1673A8E9908C75FEFA6753AECDFAA2DFB178111E8A2A1981727F63A53D4EBBC52E03274D150EC5F9CD8C8EBA33EC192FD8B403FBA6828E6C589CD36BE4C51595EE8DE90BB53AF54F75600E6A28B8662FFE2C4BE9C50A6A8382BB4CF73F75ECA64FCBEF12E7C9B801740170DC5BC38B1A517C914E5C5A9EE0DB9AF342F24FF739B4B29019DE8A2A1D8BF38312F4A25185247EDF3DC5D975690C8CB5CF97C140174A28B86625E9C589617322FFE5B7B7951EADE963BFAB4AB8F8BA334D7BD2180B9E8A2A1D8BF38BD6F37922EAEEB59CA84D9EEE64B3FC9248AB34DB0DB890AA00D5D3414F3E2F4D4BEB7F7B5E4E3098F4A9531581D89EA464FBE0F15B8125D3414FB17B558F9B1A4F1C30AD4091BDA27BC5B2DE5F6E584320D7F72C40D30842E1AAAFA1C35E673D4A94941D4091B733B489FE55C4699141755147D9917B3A7DE7B0ADC045D345410044992E8DE8A57243994A1AAFA4075E33BF5478EDAA7BD6B964192D51F9F56E72C26CF527AE0AEE8A2A1C230A48BBA9465B9F462751DD1B915D8F25FC5A3ED7194B950A2AE8E3E955721A567520446A28B86625ED44B1A12A6B944515D3755DD669B60BF7E78BF51EBA7DB6C47FC0F0938035D3414F3A22182245BFBB13A9253CD5E0FB1940D5E79916C3C4322702EBA6828E64500D0822E1A8A791100B4A08B86625E04002DE8A2A1981701400BBA6828E6C53B917755DE5BDD5B01C05C74D150CC8B3727EFA7EBBA12C5A278B09311014C892E1A8A79F186E49D741C47FE5F0D8A0860105D3414F3E24DA819310C282280B1E8A2A19817AF5415D1719911019C8B2E1A4A469C34E57BF22EC17E4400D7A08B86F23C2FCB32DD5BF148CA6D99C4EC4704702DBA6828DFF7E9E278711C57FB11C3B02CB9202880ABD04543312F8E2133625544C78DA2A828991101DC005D3414F3E220664400F740170DC5BCD865BF1F911911C03DD04543312F9E92B9901911C0BDD14543312F1E920ACA74C87E440013A08B86625E54764574AB2232230298005D3414F362F5A96914ABFD881411C064E8A2A15E795E644604A0115D34D46BCE8BFBFD8832295244005AD04543BDDABCC88C08C01074D150AF332F1665212D643F220043D04543BDC2BC28150CC35066C4388E756F0B00ECD04543492D9EF84B21D48CE83A6E1227E59619118041E8A2A19EB58BCC88000C47170DE538CE937571BF1F518AC88C08C05874D150CF342FCA0B614604F028E8A2A15CE719BAB82BA2E32609FB11013C06BA68A8479F17AB2206D58C2845D4BD2D007006BA68A8C7DDBFA86644D97E8A08E011D145B3D8273CCFD3BD516349118320604604F0D0E8A259023FB02C6B1FC5A0A67BA3861DEE47D4BD2D007015BA68963CCF1DDBD977D1F74CBFEA4D91B31F11C053A18BC691C6ECA2E8FBB2AE7B733A49C2F9D414C0F3A18BC6499374DF4533932345F403DFF3BC344D756F0B00DC185D3491E338B665BB8E6BDA397FFB19912202785674D14461143AB61386A1EE0D69147975AC29332280A747170D65DBB621E72F322302782974119DB22CF37DF62302782D74112DF64534FC2C1100B839BA883FF22CF76B1411C06BA28BD8614604802D5DC4F6B788CC8800B0A58B2F8E1911008ED0459394DB3C49B3288E3D7F7F4BA358EE2C8BCB4FF0CFD22C0882A34B04C89D92436644003842170D5096B11FF8CBF56636DFBC7FB4DEACD9DCFB594A268B3C2F6B239F3B2F72DBB6AB6F438C7797944BD3541531CFF3BBBD24007854745133499D35FFDABCFF1671367717DFEEF74FB0DAF8ABB5FBBD74BEBEAD5D2FABA53DFF8A5C4FC6C7316994C7549794ABC98A9A116576A48800D0852E6A93A799346F9F43A960EAFBDB2CDB4AB4FEDECA2C4BFDC05BAD7E03F9617F2EB238A92E88536EBB0229FFE2B9DEE1571CBBAE4B1101A01F5DD4230D236BF6A93E200DD69B324DEB0416FDCB3249658EDCA7340E424963D7C7AA3217DA7F1978217200300D5DD440A2A87625CABC98C7F1E980D87F931F917951D531F683226F49631445F609C77562F97500806E74716A6914AB28FA3FABFA53D38119B17D99E5EECF7297C6B6A971BF5BF1786434F88B8E01C004747152799A591FD5C7A7EEF7B27557E2593767F1A33E504DE3B8756A04009C8B2E4E4A1D68637F2EEA1D8A2DB3609124B1E37A3F2BEF7BE97EFFC8B23A1EC7F5DAA7C634B3AB6359E509BFF22C5353A3EE9708008F8D2E4E27725C35DEB5EF534C334960E7F98B1F9FB1ED9CFE5411C79B59F500DFB273F98FF511AA00808BD1C5A9945BEB63BE799F871BEB74F22BA2587DBEBA3F4FB175DDDBED92FCF3B3F2842A9C6992569FA65E71651C00005D9C48ECF96A58AC3E4195B665F97E9947519DCCF649F1E8E67C2D0E7F5696F284EABCC6D071333E4D0580EBD0C589B8DFD5E1A3C16AA3BA58A659BDACD625758393E2E17A3571FEFE6CF53CBB0F60E7CED7779666797DA1383E4D0580CBD0C54994A5AA5AEAFB6592164922CBB25E46963D72523CBCE56174F83CA91FA8FB9324C9B39C9111002E4617A790C5C9EE43D43829E2B88CE37A59ADAB034A474E8AFB75993B8F9E477D941AF9011FA502C035E8E2149220DC5DDD260A8B2892694F2D13D7BB6058AC8EB2997FCA8FEF9EA77E4EBBFE303670DCDD47A9E32E2C0E00384217A7501F74531D4D9A87611E84FB657D28E97993E27EFDF07964B9DB7F6939699AAA2EEA7ED100F090E8E214D4C1A8FE7295F97E1604FB65B05C5D362F56BB1265343C7836AFBE2C9C6FD9D2453E4A05808BD1C529A82E7A5517EB8CED6E81DF74F1ECA931719CFDF3C85286D1DDBC98A4EAD01B0E4905800BD0C529ECBAF8B33C9A17D529F997DD0E9F4796EEF70FF322005C8F2E4E210902757EE1D1FEC5FAB89B4BF62FDAF3AFA3FD8BEACAABA1E3322F02C035E8E214D4791AD66C2E0DDB1F419A47D5D1A4D6FCF3DC4951EDAA3C3CAEB5A8BED0B1BA3FF47DE64500B8065D9C425994EA3B1753D73B3AEF30B29D0BF62F567D3D789EFDF91E711C37F32200E07C747112E5567D57A2B75AEDAF74B3BF5ACDC175E046DDC28D55FF6CB27F1E75FC8EF3F55D7531ADBAC8F98B007019BA38054954548F74D6C7A764ECE8FAA85918FE7E99C6F0A4E82D7E0E7F56D6A58EF5303AF737569224D245BE5503002E46172752E4B9FAD28C606D1D7D9F862CF330FABD205CEF6EC5D5BACEEA9F9FDD7D6BE36C1E479174513ABBBB743800E07C74712AE536A87625CE256045141F7D87A22C65FEFB3D6DA36552946AA6AE77FA5379B4BB32AAB7B6D487A81C740300D7A08B13915049AEECCF6A57A2FDF9B54DD5D70B9FDCD22CB29D60B571173FDEF78F2C259689EFB73E58522A4FA5AAA986457511384ED200808BD1C5E9481AB324A9C7BBB9FBFDF39BB7A277D9F718752EBFF5F119FAFE2E8A9CB90800D7A18B132AB7122DF5DD1A72ABD2D835350EDD64525451DCD4DFA191C449B36791235101E00A74715A751AE3DDD708CFEDF957112723A6C6BFFB14F7DFDA389B3751E4EBA500E016E8E2A4CADA2E8DF5F1329B5975946975D2C5B831B13AFAB4FE41EBA38A621CC72A8A1C6E0300374117A7B64F632A635F75D44C1DB9D9A7B75CA57E509D7DD1B69731ADBE7C431571AE8EDCA9F629FE4E8A4411006E852E6AB04B635E48CF02DBF93DA9FF435D43D5FE5CB8DF3FDE6A25A3A1F3FD535D0D677670E6C66CEE5B7675F4E9DF2872B80D00DC045DD4633F35E6320B2649E0B8D2426BD7BFB62BDDCC3EDCC58F2AA2BA08AA3A55917D8A00705B74519BC33456435F9ACA0818FB41E0BAD2BFFD2D74BDD0F7E3AA86F584589F8FA14EC950A72A5651248B0070237451B7B2FAB60D5547495D1DC8AC9A05E5FF5401771D4C7F73587F705A05B15065D5FD0200E0A9D0450394F5EC58D7518297D7AACF48B383E501B537912802C03DD0456394BF81AC1BA932F967A9EE278700704F74D1386A7FE17EB90BE1EF3D0080BBA28B000034E82200008DFF3B5AF49879866DB10000000049454E44AE426082, '8', 'test.png');

-- ----------------------------
-- Table structure for `jbpm4_participation`
-- ----------------------------
DROP TABLE IF EXISTS `jbpm4_participation`;
CREATE TABLE `jbpm4_participation` (
  `DBID_` bigint(20) NOT NULL,
  `DBVERSION_` int(11) NOT NULL,
  `GROUPID_` varchar(255) DEFAULT NULL,
  `USERID_` varchar(255) DEFAULT NULL,
  `TYPE_` varchar(255) DEFAULT NULL,
  `TASK_` bigint(20) DEFAULT NULL,
  `SWIMLANE_` bigint(20) DEFAULT NULL,
  PRIMARY KEY (`DBID_`),
  KEY `FK_PART_SWIMLANE` (`SWIMLANE_`),
  KEY `FK_PART_TASK` (`TASK_`),
  KEY `IDX_PART_TASK` (`TASK_`),
  CONSTRAINT `FK_PART_SWIMLANE` FOREIGN KEY (`SWIMLANE_`) REFERENCES `jbpm4_swimlane` (`DBID_`),
  CONSTRAINT `FK_PART_TASK` FOREIGN KEY (`TASK_`) REFERENCES `jbpm4_task` (`DBID_`)
) ENGINE=InnoDB DEFAULT CHARSET=utf8;

-- ----------------------------
-- Records of jbpm4_participation
-- ----------------------------

-- ----------------------------
-- Table structure for `jbpm4_property`
-- ----------------------------
DROP TABLE IF EXISTS `jbpm4_property`;
CREATE TABLE `jbpm4_property` (
  `KEY_` varchar(255) NOT NULL,
  `VERSION_` int(11) NOT NULL,
  `VALUE_` varchar(255) DEFAULT NULL,
  PRIMARY KEY (`KEY_`)
) ENGINE=InnoDB DEFAULT CHARSET=utf8;

-- ----------------------------
-- Records of jbpm4_property
-- ----------------------------
INSERT INTO `jbpm4_property` VALUES ('next.dbid', '6', '60001');

-- ----------------------------
-- Table structure for `jbpm4_swimlane`
-- ----------------------------
DROP TABLE IF EXISTS `jbpm4_swimlane`;
CREATE TABLE `jbpm4_swimlane` (
  `DBID_` bigint(20) NOT NULL,
  `DBVERSION_` int(11) NOT NULL,
  `NAME_` varchar(255) DEFAULT NULL,
  `ASSIGNEE_` varchar(255) DEFAULT NULL,
  `EXECUTION_` bigint(20) DEFAULT NULL,
  PRIMARY KEY (`DBID_`),
  KEY `FK_SWIMLANE_EXEC` (`EXECUTION_`),
  KEY `IDX_SWIMLANE_EXEC` (`EXECUTION_`),
  CONSTRAINT `FK_SWIMLANE_EXEC` FOREIGN KEY (`EXECUTION_`) REFERENCES `jbpm4_execution` (`DBID_`)
) ENGINE=InnoDB DEFAULT CHARSET=utf8;

-- ----------------------------
-- Records of jbpm4_swimlane
-- ----------------------------

-- ----------------------------
-- Table structure for `jbpm4_task`
-- ----------------------------
DROP TABLE IF EXISTS `jbpm4_task`;
CREATE TABLE `jbpm4_task` (
  `DBID_` bigint(20) NOT NULL,
  `CLASS_` char(1) NOT NULL,
  `DBVERSION_` int(11) NOT NULL,
  `NAME_` varchar(255) DEFAULT NULL,
  `DESCR_` longtext,
  `STATE_` varchar(255) DEFAULT NULL,
  `SUSPHISTSTATE_` varchar(255) DEFAULT NULL,
  `ASSIGNEE_` varchar(255) DEFAULT NULL,
  `FORM_` varchar(255) DEFAULT NULL,
  `PRIORITY_` int(11) DEFAULT NULL,
  `CREATE_` datetime DEFAULT NULL,
  `DUEDATE_` datetime DEFAULT NULL,
  `PROGRESS_` int(11) DEFAULT NULL,
  `SIGNALLING_` bit(1) DEFAULT NULL,
  `EXECUTION_ID_` varchar(255) DEFAULT NULL,
  `ACTIVITY_NAME_` varchar(255) DEFAULT NULL,
  `HASVARS_` bit(1) DEFAULT NULL,
  `SUPERTASK_` bigint(20) DEFAULT NULL,
  `EXECUTION_` bigint(20) DEFAULT NULL,
  `PROCINST_` bigint(20) DEFAULT NULL,
  `SWIMLANE_` bigint(20) DEFAULT NULL,
  `TASKDEFNAME_` varchar(255) DEFAULT NULL,
  PRIMARY KEY (`DBID_`),
  KEY `FK_TASK_SWIML` (`SWIMLANE_`),
  KEY `FK_TASK_SUPERTASK` (`SUPERTASK_`),
  KEY `IDX_TASK_SUPERTASK` (`SUPERTASK_`),
  CONSTRAINT `FK_TASK_SUPERTASK` FOREIGN KEY (`SUPERTASK_`) REFERENCES `jbpm4_task` (`DBID_`),
  CONSTRAINT `FK_TASK_SWIML` FOREIGN KEY (`SWIMLANE_`) REFERENCES `jbpm4_swimlane` (`DBID_`)
) ENGINE=InnoDB DEFAULT CHARSET=utf8;

-- ----------------------------
-- Records of jbpm4_task
-- ----------------------------
INSERT INTO `jbpm4_task` VALUES ('31', 'T', '1', '部门经理审批', null, 'open', null, 'lisi', null, '0', '2017-05-25 19:58:50', null, null, '', '员工请假流程.27', '部门经理审批', '\0', null, '27', '27', null, '部门经理审批');
INSERT INTO `jbpm4_task` VALUES ('40005', 'T', '1', '部门经理审批', null, 'open', null, 'lisi', null, '0', '2017-05-25 22:10:08', null, null, '', '员工请假流程.40001', '部门经理审批', '\0', null, '40001', '40001', null, '部门经理审批');
INSERT INTO `jbpm4_task` VALUES ('40017', 'T', '1', '部门经理审批', null, 'open', null, 'lisi', null, '0', '2017-05-25 22:10:42', null, null, '', '员工请假流程.40013', '部门经理审批', '\0', null, '40013', '40013', null, '部门经理审批');
INSERT INTO `jbpm4_task` VALUES ('50005', 'T', '1', '部门经理审批', null, 'open', null, 'lisi', null, '0', '2017-05-26 16:50:15', null, null, '', '员工请假流程.50001', '部门经理审批', '\0', null, '50001', '50001', null, '部门经理审批');

-- ----------------------------
-- Table structure for `jbpm4_variable`
-- ----------------------------
DROP TABLE IF EXISTS `jbpm4_variable`;
CREATE TABLE `jbpm4_variable` (
  `DBID_` bigint(20) NOT NULL,
  `CLASS_` varchar(255) NOT NULL,
  `DBVERSION_` int(11) NOT NULL,
  `KEY_` varchar(255) DEFAULT NULL,
  `CONVERTER_` varchar(255) DEFAULT NULL,
  `HIST_` bit(1) DEFAULT NULL,
  `EXECUTION_` bigint(20) DEFAULT NULL,
  `TASK_` bigint(20) DEFAULT NULL,
  `LOB_` bigint(20) DEFAULT NULL,
  `DATE_VALUE_` datetime DEFAULT NULL,
  `DOUBLE_VALUE_` double DEFAULT NULL,
  `CLASSNAME_` varchar(255) DEFAULT NULL,
  `LONG_VALUE_` bigint(20) DEFAULT NULL,
  `STRING_VALUE_` varchar(255) DEFAULT NULL,
  `TEXT_VALUE_` longtext,
  `EXESYS_` bigint(20) DEFAULT NULL,
  PRIMARY KEY (`DBID_`),
  KEY `FK_VAR_EXESYS` (`EXESYS_`),
  KEY `FK_VAR_LOB` (`LOB_`),
  KEY `FK_VAR_TASK` (`TASK_`),
  KEY `FK_VAR_EXECUTION` (`EXECUTION_`),
  KEY `IDX_VAR_EXESYS` (`EXESYS_`),
  KEY `IDX_VAR_TASK` (`TASK_`),
  KEY `IDX_VAR_EXECUTION` (`EXECUTION_`),
  KEY `IDX_VAR_LOB` (`LOB_`),
  CONSTRAINT `FK_VAR_EXECUTION` FOREIGN KEY (`EXECUTION_`) REFERENCES `jbpm4_execution` (`DBID_`),
  CONSTRAINT `FK_VAR_EXESYS` FOREIGN KEY (`EXESYS_`) REFERENCES `jbpm4_execution` (`DBID_`),
  CONSTRAINT `FK_VAR_LOB` FOREIGN KEY (`LOB_`) REFERENCES `jbpm4_lob` (`DBID_`),
  CONSTRAINT `FK_VAR_TASK` FOREIGN KEY (`TASK_`) REFERENCES `jbpm4_task` (`DBID_`)
) ENGINE=InnoDB DEFAULT CHARSET=utf8;

-- ----------------------------
-- Records of jbpm4_variable
-- ----------------------------
INSERT INTO `jbpm4_variable` VALUES ('28', 'hib-long', '0', 'application', null, '\0', '27', null, null, null, null, 'xiao.oa.domain.Application', '3', null, null, null);
INSERT INTO `jbpm4_variable` VALUES ('40002', 'hib-long', '0', 'application', null, '\0', '40001', null, null, null, null, 'xiao.oa.domain.Application', '4', null, null, null);
INSERT INTO `jbpm4_variable` VALUES ('40014', 'hib-long', '0', 'application', null, '\0', '40013', null, null, null, null, 'xiao.oa.domain.Application', '6', null, null, null);
INSERT INTO `jbpm4_variable` VALUES ('50002', 'hib-long', '0', 'application', null, '\0', '50001', null, null, null, null, 'xiao.oa.domain.Application', '7', null, null, null);

-- ----------------------------
-- Table structure for `tb_application`
-- ----------------------------
DROP TABLE IF EXISTS `tb_application`;
CREATE TABLE `tb_application` (
  `id` bigint(20) NOT NULL AUTO_INCREMENT,
  `title` varchar(255) DEFAULT NULL,
  `applyTime` datetime DEFAULT NULL,
  `path` varchar(255) DEFAULT NULL,
  `status` varchar(255) DEFAULT NULL,
  `templateId` bigint(20) DEFAULT NULL,
  `applicantId` bigint(20) DEFAULT NULL,
  PRIMARY KEY (`id`),
  KEY `FKDE383CFFA31C00EC` (`templateId`),
  KEY `FKDE383CFF9C912745` (`applicantId`),
  CONSTRAINT `FKDE383CFF9C912745` FOREIGN KEY (`applicantId`) REFERENCES `tb_user` (`id`),
  CONSTRAINT `FKDE383CFFA31C00EC` FOREIGN KEY (`templateId`) REFERENCES `tb_template` (`id`)
) ENGINE=InnoDB AUTO_INCREMENT=8 DEFAULT CHARSET=utf8;

-- ----------------------------
-- Records of tb_application
-- ----------------------------
INSERT INTO `tb_application` VALUES ('1', '请假单模板_张三_2017-05-25', '2017-05-25 19:58:26', 'D:\\apache-tomcat-7.0.52\\webapps\\OAWeb\\WEB-INF\\upload_files/2017/05/25/b6793f68-92c8-4fdf-9122-968fa484c803', '已通过', '1', '2');
INSERT INTO `tb_application` VALUES ('2', '请假单模板_张三_2017-05-25', '2017-05-25 19:58:42', 'D:\\apache-tomcat-7.0.52\\webapps\\OAWeb\\WEB-INF\\upload_files/2017/05/25/6188bc9c-bd4e-4da1-b411-a696d3c20348', '未通过', '1', '2');
INSERT INTO `tb_application` VALUES ('3', '请假单模板_张三_2017-05-25', '2017-05-25 19:58:49', 'D:\\apache-tomcat-7.0.52\\webapps\\OAWeb\\WEB-INF\\upload_files/2017/05/25/5fddb7a4-953d-445f-9df0-f7a0e761ebbb', '审批中', '1', '2');
INSERT INTO `tb_application` VALUES ('4', '请假单模板_张三_2017-05-25', '2017-05-25 22:10:07', 'D:\\apache-tomcat-7.0.52\\webapps\\OAWeb\\WEB-INF\\upload_files/2017/05/25/e4349297-0de0-4cbf-b5d5-c7616a6bfac0', '审批中', '1', '2');
INSERT INTO `tb_application` VALUES ('5', '费用报销单模板_张三_2017-05-25', '2017-05-25 22:10:22', 'D:\\apache-tomcat-7.0.52\\webapps\\OAWeb\\WEB-INF\\upload_files/2017/05/25/6b856a72-dc7b-4ee9-9b3a-934384d3ed1e', '已通过', '2', '2');
INSERT INTO `tb_application` VALUES ('6', '费用报销单模板_张三_2017-05-25', '2017-05-25 22:10:42', 'D:\\apache-tomcat-7.0.52\\webapps\\OAWeb\\WEB-INF\\upload_files/2017/05/25/1e2dff5f-46a7-4f3a-a975-7ca0ca97a8a8', '审批中', '2', '2');
INSERT INTO `tb_application` VALUES ('7', '请假单模板_张三_2017-05-26', '2017-05-26 16:50:14', 'D:\\apache-tomcat-7.0.52\\webapps\\OAWeb\\WEB-INF\\upload_files/2017/05/26/b9a186b7-bef2-462d-8ef5-94207ac574bf', '审批中', '1', '2');

-- ----------------------------
-- Table structure for `tb_approveinfo`
-- ----------------------------
DROP TABLE IF EXISTS `tb_approveinfo`;
CREATE TABLE `tb_approveinfo` (
  `id` bigint(20) NOT NULL AUTO_INCREMENT,
  `approveTime` datetime DEFAULT NULL,
  `approval` bit(1) DEFAULT NULL,
  `comment` varchar(255) DEFAULT NULL,
  `applicationId` bigint(20) DEFAULT NULL,
  `approverId` bigint(20) DEFAULT NULL,
  PRIMARY KEY (`id`),
  KEY `FKAB75A54AF8E9193E` (`applicationId`),
  KEY `FKAB75A54A72D68A48` (`approverId`),
  CONSTRAINT `FKAB75A54A72D68A48` FOREIGN KEY (`approverId`) REFERENCES `tb_user` (`id`),
  CONSTRAINT `FKAB75A54AF8E9193E` FOREIGN KEY (`applicationId`) REFERENCES `tb_application` (`id`)
) ENGINE=InnoDB AUTO_INCREMENT=16 DEFAULT CHARSET=utf8;

-- ----------------------------
-- Records of tb_approveinfo
-- ----------------------------
INSERT INTO `tb_approveinfo` VALUES ('1', '2017-05-25 19:59:00', '', 'yes', '1', '3');
INSERT INTO `tb_approveinfo` VALUES ('12', '2017-05-25 20:36:49', '', 'yes', '1', '4');
INSERT INTO `tb_approveinfo` VALUES ('13', '2017-05-25 20:37:09', '\0', 'no', '2', '3');
INSERT INTO `tb_approveinfo` VALUES ('14', '2017-05-25 22:11:04', '', 'yes', '5', '3');
INSERT INTO `tb_approveinfo` VALUES ('15', '2017-05-25 22:12:23', '', '', '5', '4');

-- ----------------------------
-- Table structure for `tb_department`
-- ----------------------------
DROP TABLE IF EXISTS `tb_department`;
CREATE TABLE `tb_department` (
  `id` bigint(20) NOT NULL AUTO_INCREMENT,
  `name` varchar(255) DEFAULT NULL,
  `description` varchar(255) DEFAULT NULL,
  `parentId` bigint(20) DEFAULT NULL,
  PRIMARY KEY (`id`),
  KEY `FK78CCD9C3B12284B4` (`parentId`),
  CONSTRAINT `FK78CCD9C3B12284B4` FOREIGN KEY (`parentId`) REFERENCES `tb_department` (`id`)
) ENGINE=InnoDB AUTO_INCREMENT=13 DEFAULT CHARSET=utf8;

-- ----------------------------
-- Records of tb_department
-- ----------------------------
INSERT INTO `tb_department` VALUES ('1', 'Java软件开发部', 'Java软件开发', null);
INSERT INTO `tb_department` VALUES ('2', '管理组', '管理公司事务', null);
INSERT INTO `tb_department` VALUES ('3', '人事部', '人事管理', null);
INSERT INTO `tb_department` VALUES ('4', '技术1部', '负责高级技术问题', null);
INSERT INTO `tb_department` VALUES ('5', '技术2部', '负责前台模块技术', null);
INSERT INTO `tb_department` VALUES ('6', '研发部', '研发产品', null);
INSERT INTO `tb_department` VALUES ('7', '公共关系科', '公共关系', '3');
INSERT INTO `tb_department` VALUES ('8', '招聘部', '招聘人员', '3');
INSERT INTO `tb_department` VALUES ('9', 'Java Web开发部', 'Java Web开发', null);
INSERT INTO `tb_department` VALUES ('10', '市场部', '负责市场规划', null);
INSERT INTO `tb_department` VALUES ('11', '销售部', '销售软件', null);
INSERT INTO `tb_department` VALUES ('12', '测试部', '测试程序', null);

-- ----------------------------
-- Table structure for `tb_forum`
-- ----------------------------
DROP TABLE IF EXISTS `tb_forum`;
CREATE TABLE `tb_forum` (
  `id` bigint(20) NOT NULL AUTO_INCREMENT,
  `name` varchar(255) DEFAULT NULL,
  `description` varchar(255) DEFAULT NULL,
  `position` int(11) DEFAULT NULL,
  `topicCount` int(11) DEFAULT NULL,
  `articleCount` int(11) DEFAULT NULL,
  `lastTopicId` bigint(20) DEFAULT NULL,
  PRIMARY KEY (`id`),
  UNIQUE KEY `lastTopicId` (`lastTopicId`),
  KEY `FKFA18F4108724C426` (`lastTopicId`),
  CONSTRAINT `FKFA18F4108724C426` FOREIGN KEY (`lastTopicId`) REFERENCES `tb_topic` (`id`)
) ENGINE=InnoDB AUTO_INCREMENT=7 DEFAULT CHARSET=utf8;

-- ----------------------------
-- Records of tb_forum
-- ----------------------------
INSERT INTO `tb_forum` VALUES ('1', 'Java讨论区', 'Java知识交流，欢迎各位哟！', '1', '18', '72', '35');
INSERT INTO `tb_forum` VALUES ('2', 'JSP交流区', '解答各类jsp的问题', '2', '5', '11', '32');
INSERT INTO `tb_forum` VALUES ('3', 'J2EE大舞台', '欢迎各位大佬解决J2EE问题', '3', '4', '6', '20');
INSERT INTO `tb_forum` VALUES ('4', 'Html专区', '静态网页的休息室', '4', '2', '4', '10');
INSERT INTO `tb_forum` VALUES ('5', '数据库交流区', 'Oracle，MySQL，SQL Server交流区', '5', '4', '5', '21');
INSERT INTO `tb_forum` VALUES ('6', '其他专区', '讨论各类其他知识', '6', '2', '2', '12');

-- ----------------------------
-- Table structure for `tb_privilege`
-- ----------------------------
DROP TABLE IF EXISTS `tb_privilege`;
CREATE TABLE `tb_privilege` (
  `id` bigint(20) NOT NULL AUTO_INCREMENT,
  `url` varchar(255) DEFAULT NULL,
  `name` varchar(255) DEFAULT NULL,
  `parentId` bigint(20) DEFAULT NULL,
  PRIMARY KEY (`id`),
  KEY `FKC5474E20C8D12439` (`parentId`),
  CONSTRAINT `FKC5474E20C8D12439` FOREIGN KEY (`parentId`) REFERENCES `tb_privilege` (`id`)
) ENGINE=InnoDB AUTO_INCREMENT=34 DEFAULT CHARSET=utf8;

-- ----------------------------
-- Records of tb_privilege
-- ----------------------------
INSERT INTO `tb_privilege` VALUES ('1', null, '系统管理', null);
INSERT INTO `tb_privilege` VALUES ('2', '/role_list', '岗位管理', '1');
INSERT INTO `tb_privilege` VALUES ('3', '/department_list', '部门管理', '1');
INSERT INTO `tb_privilege` VALUES ('4', '/user_list', '用户管理', '1');
INSERT INTO `tb_privilege` VALUES ('5', '/role_list', '岗位列表', '2');
INSERT INTO `tb_privilege` VALUES ('6', '/role_delete', '岗位删除', '2');
INSERT INTO `tb_privilege` VALUES ('7', '/role_add', '岗位添加', '2');
INSERT INTO `tb_privilege` VALUES ('8', '/role_edit', '岗位修改', '2');
INSERT INTO `tb_privilege` VALUES ('9', '/department_list', '部门列表', '3');
INSERT INTO `tb_privilege` VALUES ('10', '/department_delete', '部门删除', '3');
INSERT INTO `tb_privilege` VALUES ('11', '/department_add', '部门添加', '3');
INSERT INTO `tb_privilege` VALUES ('12', '/department_edit', '部门修改', '3');
INSERT INTO `tb_privilege` VALUES ('13', '/user_list', '用户列表', '4');
INSERT INTO `tb_privilege` VALUES ('14', '/user_delete', '用户删除', '4');
INSERT INTO `tb_privilege` VALUES ('15', '/user_add', '用户添加', '4');
INSERT INTO `tb_privilege` VALUES ('16', '/user_edit', '用户修改', '4');
INSERT INTO `tb_privilege` VALUES ('17', '/user_initPassword', '用户初始化密码', '4');
INSERT INTO `tb_privilege` VALUES ('18', null, '网上交流', null);
INSERT INTO `tb_privilege` VALUES ('19', '/forumManage_list', '论坛管理', '18');
INSERT INTO `tb_privilege` VALUES ('20', '/forum_list', '论坛', '18');
INSERT INTO `tb_privilege` VALUES ('21', null, '审批流转', null);
INSERT INTO `tb_privilege` VALUES ('22', '/processDefinition_list', '审批流程管理', '21');
INSERT INTO `tb_privilege` VALUES ('23', '/template_list', '申请模板管理', '21');
INSERT INTO `tb_privilege` VALUES ('24', '/flow_templateList', '起草申请', '21');
INSERT INTO `tb_privilege` VALUES ('25', '/flow_myTaskList', '待我审批', '21');
INSERT INTO `tb_privilege` VALUES ('26', '/flow_myApplicationList', '我的申请查询', '21');
INSERT INTO `tb_privilege` VALUES ('27', null, '个人设置', null);
INSERT INTO `tb_privilege` VALUES ('28', '/man_list', '个人信息', '27');
INSERT INTO `tb_privilege` VALUES ('29', '/man_updateUI', '修改密码', '27');
INSERT INTO `tb_privilege` VALUES ('30', null, '系统概述', null);
INSERT INTO `tb_privilege` VALUES ('31', '/system_list', '系统信息', '30');
INSERT INTO `tb_privilege` VALUES ('32', '/system_link', '联系我们', '30');
INSERT INTO `tb_privilege` VALUES ('33', '/system_copyright', '版权所有', '30');

-- ----------------------------
-- Table structure for `tb_reply`
-- ----------------------------
DROP TABLE IF EXISTS `tb_reply`;
CREATE TABLE `tb_reply` (
  `id` bigint(20) NOT NULL AUTO_INCREMENT,
  `ipAddr` varchar(255) DEFAULT NULL,
  `content` longtext,
  `postTime` datetime DEFAULT NULL,
  `authorId` bigint(20) DEFAULT NULL,
  `deleted` bit(1) DEFAULT NULL,
  `topicId` bigint(20) DEFAULT NULL,
  PRIMARY KEY (`id`),
  KEY `FKFABD79D97A0F4B7C` (`topicId`),
  KEY `FKFABD79D9955AAB8E` (`authorId`),
  CONSTRAINT `FKFABD79D97A0F4B7C` FOREIGN KEY (`topicId`) REFERENCES `tb_topic` (`id`),
  CONSTRAINT `FKFABD79D9955AAB8E` FOREIGN KEY (`authorId`) REFERENCES `tb_user` (`id`)
) ENGINE=InnoDB AUTO_INCREMENT=66 DEFAULT CHARSET=utf8;

-- ----------------------------
-- Records of tb_reply
-- ----------------------------
INSERT INTO `tb_reply` VALUES ('1', '0:0:0:0:0:0:0:1', '拜托了', '2017-05-25 19:55:19', '1', '\0', '1');
INSERT INTO `tb_reply` VALUES ('2', '0:0:0:0:0:0:0:1', '<img src=\"http://localhost:8080/OAWeb/fckeditor/editor/images/smiley/wangwang/10.gif\" alt=\"\"  />&nbsp;', '2017-05-25 19:56:32', '3', '\0', '1');
INSERT INTO `tb_reply` VALUES ('3', '0:0:0:0:0:0:0:1', '类和对象吧', '2017-05-25 20:09:01', '2', '\0', '1');
INSERT INTO `tb_reply` VALUES ('4', '0:0:0:0:0:0:0:1', '&nbsp;不要沉！！！', '2017-05-25 23:06:40', '3', '\0', '2');
INSERT INTO `tb_reply` VALUES ('5', '0:0:0:0:0:0:0:1', '&nbsp;在线等，有点急！', '2017-05-25 23:08:34', '3', '\0', '5');
INSERT INTO `tb_reply` VALUES ('6', '0:0:0:0:0:0:0:1', '&nbsp;对多线程程有点不懂', '2017-05-25 23:10:43', '2', '\0', '7');
INSERT INTO `tb_reply` VALUES ('7', '0:0:0:0:0:0:0:1', '&nbsp;可以说详细点吗？', '2017-05-25 23:12:17', '2', '\0', '9');
INSERT INTO `tb_reply` VALUES ('8', '0:0:0:0:0:0:0:1', '&nbsp;求个位意见', '2017-05-25 23:13:20', '2', '\0', '10');
INSERT INTO `tb_reply` VALUES ('9', '0:0:0:0:0:0:0:1', '我个人意见认为是&nbsp;编程思想', '2017-05-25 23:15:11', '2', '\0', '1');
INSERT INTO `tb_reply` VALUES ('10', '0:0:0:0:0:0:0:1', '&nbsp;如果说知识的话，类和对象，多线程，网络，IO，异常应该都是吧', '2017-05-25 23:15:52', '2', '\0', '1');
INSERT INTO `tb_reply` VALUES ('11', '0:0:0:0:0:0:0:1', '&nbsp;建议直接把Java基础学好点，学好了就什么都通了', '2017-05-25 23:16:29', '2', '\0', '1');
INSERT INTO `tb_reply` VALUES ('12', '0:0:0:0:0:0:0:1', '<img src=\"http://localhost:8080/OAWeb/fckeditor/editor/images/smiley/wangwang/10.gif\" alt=\"\" />&nbsp;加油！好好学哟', '2017-05-25 23:16:49', '2', '\0', '1');
INSERT INTO `tb_reply` VALUES ('13', '0:0:0:0:0:0:0:1', '我也同意楼上说的，核心是编程思想', '2017-05-25 23:22:36', '4', '\0', '1');
INSERT INTO `tb_reply` VALUES ('14', '0:0:0:0:0:0:0:1', '&nbsp;编程思想真的很重要，现在任何语言都几乎差不多，但编程思想是个人的财富', '2017-05-25 23:23:37', '4', '\0', '1');
INSERT INTO `tb_reply` VALUES ('15', '0:0:0:0:0:0:0:1', '&nbsp;好好练吧，练多了就知道什么是核心的东西了', '2017-05-25 23:24:10', '4', '\0', '1');
INSERT INTO `tb_reply` VALUES ('16', '0:0:0:0:0:0:0:1', '&nbsp;每个人都是从一行行代码中总结出来的经验', '2017-05-25 23:24:46', '4', '\0', '1');
INSERT INTO `tb_reply` VALUES ('17', '0:0:0:0:0:0:0:1', '&nbsp;加油哟，每一个Java的程序员都是自豪的', '2017-05-25 23:25:16', '4', '\0', '1');
INSERT INTO `tb_reply` VALUES ('18', '0:0:0:0:0:0:0:1', '&nbsp;谢了，各位大神！', '2017-05-25 23:27:31', '5', '\0', '17');
INSERT INTO `tb_reply` VALUES ('19', '0:0:0:0:0:0:0:1', '&nbsp;四类八种', '2017-05-25 23:30:36', '6', '\0', '18');
INSERT INTO `tb_reply` VALUES ('20', '0:0:0:0:0:0:0:1', '&nbsp;char&nbsp;<br />\r\nbyte short int long<br />\r\nfloat double<br />\r\nboolean', '2017-05-25 23:31:07', '6', '\0', '18');
INSERT INTO `tb_reply` VALUES ('21', '0:0:0:0:0:0:0:1', '&nbsp;不重要了，现在一般都不学了', '2017-05-25 23:33:28', '6', '\0', '13');
INSERT INTO `tb_reply` VALUES ('22', '0:0:0:0:0:0:0:1', '在线等哟', '2017-05-25 23:41:05', '7', '\0', '24');
INSERT INTO `tb_reply` VALUES ('23', '0:0:0:0:0:0:0:1', '我只能说知识主要是类和对象，但主要应该是编程思路', '2017-05-25 23:43:04', '7', '\0', '1');
INSERT INTO `tb_reply` VALUES ('24', '0:0:0:0:0:0:0:1', '其实自己学完Java基础就有了大概的想法了', '2017-05-25 23:43:34', '7', '\0', '1');
INSERT INTO `tb_reply` VALUES ('25', '0:0:0:0:0:0:0:1', '多敲代码，多记知识点，自然而然也就知道了', '2017-05-25 23:44:11', '7', '\0', '1');
INSERT INTO `tb_reply` VALUES ('26', '0:0:0:0:0:0:0:1', '学好的话应该去看看视频吧，不要局限于书本', '2017-05-25 23:45:04', '7', '\0', '1');
INSERT INTO `tb_reply` VALUES ('27', '0:0:0:0:0:0:0:1', '视屏比较好的有马士兵老师的', '2017-05-25 23:45:22', '7', '\0', '1');
INSERT INTO `tb_reply` VALUES ('28', '0:0:0:0:0:0:0:1', '自己可以去尚学堂官网下载一下Java的学习路线，等学好了什么都懂了', '2017-05-25 23:46:08', '7', '\0', '1');
INSERT INTO `tb_reply` VALUES ('29', '0:0:0:0:0:0:0:1', '我来冒冒泡，水一水', '2017-05-25 23:49:13', '8', '\0', '1');
INSERT INTO `tb_reply` VALUES ('30', '0:0:0:0:0:0:0:1', '我听好多人说学Java最主要的就是类和对象了，可是自己也不怎么懂', '2017-05-25 23:50:00', '8', '\0', '1');
INSERT INTO `tb_reply` VALUES ('31', '0:0:0:0:0:0:0:1', '看看有没有大神好好解释下咯', '2017-05-25 23:50:25', '8', '\0', '1');
INSERT INTO `tb_reply` VALUES ('32', '0:0:0:0:0:0:0:1', '我只是各吃瓜群众', '2017-05-25 23:50:44', '8', '\0', '1');
INSERT INTO `tb_reply` VALUES ('33', '0:0:0:0:0:0:0:1', '类和对象咯，希望对你有用！', '2017-05-26 19:12:10', '2', '\0', '1');
INSERT INTO `tb_reply` VALUES ('34', '0:0:0:0:0:0:0:1', '建议你在学习Java的时候，多去琢磨编程思想那块的东西，很有用的！', '2017-05-26 19:13:35', '2', '\0', '1');
INSERT INTO `tb_reply` VALUES ('35', '0:0:0:0:0:0:0:1', 'Java知识方面的话有基本语法，类和对象，异常，网络，IO，多线程等等', '2017-05-26 19:14:40', '2', '\0', '1');
INSERT INTO `tb_reply` VALUES ('36', '0:0:0:0:0:0:0:1', '&nbsp;一般可以不学，现在这个技术很老了', '2017-05-26 19:19:40', '9', '\0', '14');
INSERT INTO `tb_reply` VALUES ('37', '0:0:0:0:0:0:0:1', '&nbsp;初始化哟', '2017-05-26 19:23:39', '9', '\0', '31');
INSERT INTO `tb_reply` VALUES ('38', '0:0:0:0:0:0:0:1', '&nbsp;初始化了', '2017-05-26 19:25:42', '10', '\0', '31');
INSERT INTO `tb_reply` VALUES ('39', '0:0:0:0:0:0:0:1', '&nbsp;很多的，自己慢慢学吧', '2017-05-26 19:26:39', '10', '\0', '1');
INSERT INTO `tb_reply` VALUES ('40', '0:0:0:0:0:0:0:1', '&nbsp;不过主要的有语法，类，对象，IO，多线程，网络，异常', '2017-05-26 19:27:15', '10', '\0', '1');
INSERT INTO `tb_reply` VALUES ('41', '0:0:0:0:0:0:0:1', '&nbsp;struts2是在struts1和XWork中新衍生的一种技术', '2017-05-26 19:28:27', '10', '\0', '9');
INSERT INTO `tb_reply` VALUES ('42', '0:0:0:0:0:0:0:1', '&nbsp;<img src=\"http://localhost:8080/OAWeb/fckeditor/editor/images/smiley/wangwang/0.gif\" alt=\"\" />', '2017-05-26 19:29:50', '10', '\0', '35');
INSERT INTO `tb_reply` VALUES ('43', '0:0:0:0:0:0:0:1', '&nbsp;建议你去看学习视频吧，视频教的基本都是都是主要的知识', '2017-05-26 19:30:50', '10', '\0', '1');
INSERT INTO `tb_reply` VALUES ('44', '0:0:0:0:0:0:0:1', '&nbsp;核心知识是常用语法，字符串和数组，类，对象，异常，IO，集合，多线程，网络', '2017-05-26 19:37:58', '11', '\0', '1');
INSERT INTO `tb_reply` VALUES ('45', '0:0:0:0:0:0:0:1', '&nbsp;还有在学知识时多培养自己的编程思想', '2017-05-26 19:38:32', '11', '\0', '1');
INSERT INTO `tb_reply` VALUES ('46', '0:0:0:0:0:0:0:1', '&nbsp;学Java知识的话，书中也讲了很多，视频现在也好多，自己可以去找点资源学习！', '2017-05-26 19:39:28', '11', '\0', '1');
INSERT INTO `tb_reply` VALUES ('47', '0:0:0:0:0:0:0:1', '&nbsp;我在大学是也是学的Java，可是不怎么听', '2017-05-26 19:40:51', '12', '\0', '1');
INSERT INTO `tb_reply` VALUES ('48', '0:0:0:0:0:0:0:1', '&nbsp;现在正在自学吧', '2017-05-26 19:41:05', '12', '\0', '1');
INSERT INTO `tb_reply` VALUES ('49', '0:0:0:0:0:0:0:1', '&nbsp;现在我正在学Java基础，以前学过，现在学的也比较快！', '2017-05-26 19:41:43', '12', '\0', '1');
INSERT INTO `tb_reply` VALUES ('50', '0:0:0:0:0:0:0:1', '&nbsp;不过我现在是边看视屏边学的，看的是马士兵老师的Java基础', '2017-05-26 19:42:32', '12', '\0', '1');
INSERT INTO `tb_reply` VALUES ('51', '0:0:0:0:0:0:0:1', '&nbsp;学了这么久我觉得主要学的是编程的思想', '2017-05-26 19:43:09', '12', '\0', '1');
INSERT INTO `tb_reply` VALUES ('52', '0:0:0:0:0:0:0:1', '&nbsp;希望一起加油！我学完java基础就打算学html和数据库', '2017-05-26 19:43:50', '12', '\0', '1');
INSERT INTO `tb_reply` VALUES ('53', '0:0:0:0:0:0:0:1', '<img src=\"http://localhost:8080/OAWeb/fckeditor/editor/images/smiley/wangwang/10.gif\" alt=\"\" />&nbsp;加油！', '2017-05-26 19:44:13', '12', '\0', '1');
INSERT INTO `tb_reply` VALUES ('54', '0:0:0:0:0:0:0:1', 'Java知识方面的话有基本语法，类和对象，异常，网络，IO，多线程等等', '2017-05-26 19:45:08', '13', '\0', '1');
INSERT INTO `tb_reply` VALUES ('55', '0:0:0:0:0:0:0:1', 'Java知识方面的话有基本语法，类和对象，异常，网络，IO，多线程等等', '2017-05-26 19:45:13', '13', '\0', '1');
INSERT INTO `tb_reply` VALUES ('56', '0:0:0:0:0:0:0:1', 'Java知识方面的话有基本语法，类和对象，异常，网络，IO，多线程等等', '2017-05-26 19:45:17', '13', '\0', '1');
INSERT INTO `tb_reply` VALUES ('57', '0:0:0:0:0:0:0:1', '重要的事情说三遍，说三遍！！！', '2017-05-26 19:45:53', '13', '\0', '1');
INSERT INTO `tb_reply` VALUES ('58', '0:0:0:0:0:0:0:1', '重要的事情说三遍，说三遍！！！', '2017-05-26 19:45:58', '13', '\0', '1');
INSERT INTO `tb_reply` VALUES ('59', '0:0:0:0:0:0:0:1', '重要的事情说三遍，说三遍！！！', '2017-05-26 19:46:02', '13', '\0', '1');
INSERT INTO `tb_reply` VALUES ('60', '0:0:0:0:0:0:0:1', '提高代码的重用性！', '2017-05-30 21:11:11', '8', '\0', '19');
INSERT INTO `tb_reply` VALUES ('61', '0:0:0:0:0:0:0:1', '分离web应用程序', '2017-05-30 21:11:37', '8', '\0', '19');
INSERT INTO `tb_reply` VALUES ('62', '0:0:0:0:0:0:0:1', '保存用户相关信息', '2017-05-30 21:13:50', '8', '\0', '32');
INSERT INTO `tb_reply` VALUES ('63', '0:0:0:0:0:0:0:1', '1.加载数据库驱动；2.建立数据可连接；3.执行SQL语句；4.处理从数据库返回的结果；5.关闭资源', '2017-05-30 21:16:29', '8', '\0', '25');
INSERT INTO `tb_reply` VALUES ('64', '0:0:0:0:0:0:0:1', 'request对象，response对象，session对象，application对象，out对象，pagecontext对象，page对象，exception对象，config对象', '2017-05-30 21:18:38', '8', '\0', '8');
INSERT INTO `tb_reply` VALUES ('65', '0:0:0:0:0:0:0:1', '自己百度！', '2017-05-31 17:25:42', '6', '\0', '4');

-- ----------------------------
-- Table structure for `tb_role`
-- ----------------------------
DROP TABLE IF EXISTS `tb_role`;
CREATE TABLE `tb_role` (
  `id` bigint(20) NOT NULL AUTO_INCREMENT,
  `name` varchar(255) DEFAULT NULL,
  `description` varchar(255) DEFAULT NULL,
  PRIMARY KEY (`id`)
) ENGINE=InnoDB AUTO_INCREMENT=27 DEFAULT CHARSET=utf8;

-- ----------------------------
-- Records of tb_role
-- ----------------------------
INSERT INTO `tb_role` VALUES ('13', '员工', '员工');
INSERT INTO `tb_role` VALUES ('14', '部门经理', '管理部门');
INSERT INTO `tb_role` VALUES ('15', '总经理', '负责公司日常事务');
INSERT INTO `tb_role` VALUES ('16', '项目总监', '监督项目完成状态');
INSERT INTO `tb_role` VALUES ('17', '项目经理', '负责项目的整体开发');
INSERT INTO `tb_role` VALUES ('18', '系统架构师', '负责开发系统的整体架构');
INSERT INTO `tb_role` VALUES ('19', '系统分析师', '分析系统的各个模块');
INSERT INTO `tb_role` VALUES ('20', '网页设计师', '负责美工处理和静态页面');
INSERT INTO `tb_role` VALUES ('21', '实施人员', '负责软件的实施');
INSERT INTO `tb_role` VALUES ('22', '数据库管理工程师', '数据库的管理和维护');
INSERT INTO `tb_role` VALUES ('23', '配置工程师', '负责系统各个阶段的环境配置');
INSERT INTO `tb_role` VALUES ('24', '测试人员', '负责项目');
INSERT INTO `tb_role` VALUES ('25', '程序员', '编写代码');
INSERT INTO `tb_role` VALUES ('26', '秘书', '文档处理，日程安排');

-- ----------------------------
-- Table structure for `tb_role_privilege`
-- ----------------------------
DROP TABLE IF EXISTS `tb_role_privilege`;
CREATE TABLE `tb_role_privilege` (
  `roleId` bigint(20) NOT NULL,
  `privilegeId` bigint(20) NOT NULL,
  PRIMARY KEY (`privilegeId`,`roleId`),
  KEY `FK8537CC1991DDAC80` (`privilegeId`),
  KEY `FK8537CC198C59064` (`roleId`),
  CONSTRAINT `FK8537CC198C59064` FOREIGN KEY (`roleId`) REFERENCES `tb_role` (`id`),
  CONSTRAINT `FK8537CC1991DDAC80` FOREIGN KEY (`privilegeId`) REFERENCES `tb_privilege` (`id`)
) ENGINE=InnoDB DEFAULT CHARSET=utf8;

-- ----------------------------
-- Records of tb_role_privilege
-- ----------------------------
INSERT INTO `tb_role_privilege` VALUES ('15', '1');
INSERT INTO `tb_role_privilege` VALUES ('15', '2');
INSERT INTO `tb_role_privilege` VALUES ('15', '3');
INSERT INTO `tb_role_privilege` VALUES ('15', '4');
INSERT INTO `tb_role_privilege` VALUES ('15', '5');
INSERT INTO `tb_role_privilege` VALUES ('15', '6');
INSERT INTO `tb_role_privilege` VALUES ('15', '7');
INSERT INTO `tb_role_privilege` VALUES ('15', '8');
INSERT INTO `tb_role_privilege` VALUES ('15', '9');
INSERT INTO `tb_role_privilege` VALUES ('15', '10');
INSERT INTO `tb_role_privilege` VALUES ('15', '11');
INSERT INTO `tb_role_privilege` VALUES ('15', '12');
INSERT INTO `tb_role_privilege` VALUES ('15', '13');
INSERT INTO `tb_role_privilege` VALUES ('15', '14');
INSERT INTO `tb_role_privilege` VALUES ('15', '15');
INSERT INTO `tb_role_privilege` VALUES ('15', '16');
INSERT INTO `tb_role_privilege` VALUES ('15', '17');
INSERT INTO `tb_role_privilege` VALUES ('13', '18');
INSERT INTO `tb_role_privilege` VALUES ('14', '18');
INSERT INTO `tb_role_privilege` VALUES ('15', '18');
INSERT INTO `tb_role_privilege` VALUES ('16', '18');
INSERT INTO `tb_role_privilege` VALUES ('17', '18');
INSERT INTO `tb_role_privilege` VALUES ('18', '18');
INSERT INTO `tb_role_privilege` VALUES ('19', '18');
INSERT INTO `tb_role_privilege` VALUES ('20', '18');
INSERT INTO `tb_role_privilege` VALUES ('21', '18');
INSERT INTO `tb_role_privilege` VALUES ('22', '18');
INSERT INTO `tb_role_privilege` VALUES ('23', '18');
INSERT INTO `tb_role_privilege` VALUES ('24', '18');
INSERT INTO `tb_role_privilege` VALUES ('25', '18');
INSERT INTO `tb_role_privilege` VALUES ('26', '18');
INSERT INTO `tb_role_privilege` VALUES ('13', '19');
INSERT INTO `tb_role_privilege` VALUES ('14', '19');
INSERT INTO `tb_role_privilege` VALUES ('15', '19');
INSERT INTO `tb_role_privilege` VALUES ('16', '19');
INSERT INTO `tb_role_privilege` VALUES ('17', '19');
INSERT INTO `tb_role_privilege` VALUES ('18', '19');
INSERT INTO `tb_role_privilege` VALUES ('19', '19');
INSERT INTO `tb_role_privilege` VALUES ('20', '19');
INSERT INTO `tb_role_privilege` VALUES ('21', '19');
INSERT INTO `tb_role_privilege` VALUES ('22', '19');
INSERT INTO `tb_role_privilege` VALUES ('23', '19');
INSERT INTO `tb_role_privilege` VALUES ('24', '19');
INSERT INTO `tb_role_privilege` VALUES ('25', '19');
INSERT INTO `tb_role_privilege` VALUES ('26', '19');
INSERT INTO `tb_role_privilege` VALUES ('13', '20');
INSERT INTO `tb_role_privilege` VALUES ('14', '20');
INSERT INTO `tb_role_privilege` VALUES ('15', '20');
INSERT INTO `tb_role_privilege` VALUES ('16', '20');
INSERT INTO `tb_role_privilege` VALUES ('17', '20');
INSERT INTO `tb_role_privilege` VALUES ('18', '20');
INSERT INTO `tb_role_privilege` VALUES ('19', '20');
INSERT INTO `tb_role_privilege` VALUES ('20', '20');
INSERT INTO `tb_role_privilege` VALUES ('21', '20');
INSERT INTO `tb_role_privilege` VALUES ('22', '20');
INSERT INTO `tb_role_privilege` VALUES ('23', '20');
INSERT INTO `tb_role_privilege` VALUES ('24', '20');
INSERT INTO `tb_role_privilege` VALUES ('25', '20');
INSERT INTO `tb_role_privilege` VALUES ('26', '20');
INSERT INTO `tb_role_privilege` VALUES ('13', '21');
INSERT INTO `tb_role_privilege` VALUES ('14', '21');
INSERT INTO `tb_role_privilege` VALUES ('15', '21');
INSERT INTO `tb_role_privilege` VALUES ('16', '21');
INSERT INTO `tb_role_privilege` VALUES ('17', '21');
INSERT INTO `tb_role_privilege` VALUES ('18', '21');
INSERT INTO `tb_role_privilege` VALUES ('19', '21');
INSERT INTO `tb_role_privilege` VALUES ('20', '21');
INSERT INTO `tb_role_privilege` VALUES ('21', '21');
INSERT INTO `tb_role_privilege` VALUES ('22', '21');
INSERT INTO `tb_role_privilege` VALUES ('23', '21');
INSERT INTO `tb_role_privilege` VALUES ('24', '21');
INSERT INTO `tb_role_privilege` VALUES ('25', '21');
INSERT INTO `tb_role_privilege` VALUES ('26', '21');
INSERT INTO `tb_role_privilege` VALUES ('13', '22');
INSERT INTO `tb_role_privilege` VALUES ('14', '22');
INSERT INTO `tb_role_privilege` VALUES ('15', '22');
INSERT INTO `tb_role_privilege` VALUES ('16', '22');
INSERT INTO `tb_role_privilege` VALUES ('17', '22');
INSERT INTO `tb_role_privilege` VALUES ('18', '22');
INSERT INTO `tb_role_privilege` VALUES ('19', '22');
INSERT INTO `tb_role_privilege` VALUES ('20', '22');
INSERT INTO `tb_role_privilege` VALUES ('21', '22');
INSERT INTO `tb_role_privilege` VALUES ('22', '22');
INSERT INTO `tb_role_privilege` VALUES ('23', '22');
INSERT INTO `tb_role_privilege` VALUES ('24', '22');
INSERT INTO `tb_role_privilege` VALUES ('25', '22');
INSERT INTO `tb_role_privilege` VALUES ('26', '22');
INSERT INTO `tb_role_privilege` VALUES ('13', '23');
INSERT INTO `tb_role_privilege` VALUES ('14', '23');
INSERT INTO `tb_role_privilege` VALUES ('15', '23');
INSERT INTO `tb_role_privilege` VALUES ('16', '23');
INSERT INTO `tb_role_privilege` VALUES ('17', '23');
INSERT INTO `tb_role_privilege` VALUES ('18', '23');
INSERT INTO `tb_role_privilege` VALUES ('19', '23');
INSERT INTO `tb_role_privilege` VALUES ('20', '23');
INSERT INTO `tb_role_privilege` VALUES ('21', '23');
INSERT INTO `tb_role_privilege` VALUES ('22', '23');
INSERT INTO `tb_role_privilege` VALUES ('23', '23');
INSERT INTO `tb_role_privilege` VALUES ('24', '23');
INSERT INTO `tb_role_privilege` VALUES ('25', '23');
INSERT INTO `tb_role_privilege` VALUES ('26', '23');
INSERT INTO `tb_role_privilege` VALUES ('13', '24');
INSERT INTO `tb_role_privilege` VALUES ('14', '24');
INSERT INTO `tb_role_privilege` VALUES ('15', '24');
INSERT INTO `tb_role_privilege` VALUES ('16', '24');
INSERT INTO `tb_role_privilege` VALUES ('17', '24');
INSERT INTO `tb_role_privilege` VALUES ('18', '24');
INSERT INTO `tb_role_privilege` VALUES ('19', '24');
INSERT INTO `tb_role_privilege` VALUES ('20', '24');
INSERT INTO `tb_role_privilege` VALUES ('21', '24');
INSERT INTO `tb_role_privilege` VALUES ('22', '24');
INSERT INTO `tb_role_privilege` VALUES ('23', '24');
INSERT INTO `tb_role_privilege` VALUES ('24', '24');
INSERT INTO `tb_role_privilege` VALUES ('25', '24');
INSERT INTO `tb_role_privilege` VALUES ('26', '24');
INSERT INTO `tb_role_privilege` VALUES ('13', '25');
INSERT INTO `tb_role_privilege` VALUES ('14', '25');
INSERT INTO `tb_role_privilege` VALUES ('15', '25');
INSERT INTO `tb_role_privilege` VALUES ('16', '25');
INSERT INTO `tb_role_privilege` VALUES ('17', '25');
INSERT INTO `tb_role_privilege` VALUES ('18', '25');
INSERT INTO `tb_role_privilege` VALUES ('19', '25');
INSERT INTO `tb_role_privilege` VALUES ('20', '25');
INSERT INTO `tb_role_privilege` VALUES ('21', '25');
INSERT INTO `tb_role_privilege` VALUES ('22', '25');
INSERT INTO `tb_role_privilege` VALUES ('23', '25');
INSERT INTO `tb_role_privilege` VALUES ('24', '25');
INSERT INTO `tb_role_privilege` VALUES ('25', '25');
INSERT INTO `tb_role_privilege` VALUES ('26', '25');
INSERT INTO `tb_role_privilege` VALUES ('13', '26');
INSERT INTO `tb_role_privilege` VALUES ('14', '26');
INSERT INTO `tb_role_privilege` VALUES ('15', '26');
INSERT INTO `tb_role_privilege` VALUES ('16', '26');
INSERT INTO `tb_role_privilege` VALUES ('17', '26');
INSERT INTO `tb_role_privilege` VALUES ('18', '26');
INSERT INTO `tb_role_privilege` VALUES ('19', '26');
INSERT INTO `tb_role_privilege` VALUES ('20', '26');
INSERT INTO `tb_role_privilege` VALUES ('21', '26');
INSERT INTO `tb_role_privilege` VALUES ('22', '26');
INSERT INTO `tb_role_privilege` VALUES ('23', '26');
INSERT INTO `tb_role_privilege` VALUES ('24', '26');
INSERT INTO `tb_role_privilege` VALUES ('25', '26');
INSERT INTO `tb_role_privilege` VALUES ('26', '26');
INSERT INTO `tb_role_privilege` VALUES ('13', '27');
INSERT INTO `tb_role_privilege` VALUES ('14', '27');
INSERT INTO `tb_role_privilege` VALUES ('15', '27');
INSERT INTO `tb_role_privilege` VALUES ('16', '27');
INSERT INTO `tb_role_privilege` VALUES ('18', '27');
INSERT INTO `tb_role_privilege` VALUES ('19', '27');
INSERT INTO `tb_role_privilege` VALUES ('20', '27');
INSERT INTO `tb_role_privilege` VALUES ('21', '27');
INSERT INTO `tb_role_privilege` VALUES ('22', '27');
INSERT INTO `tb_role_privilege` VALUES ('23', '27');
INSERT INTO `tb_role_privilege` VALUES ('24', '27');
INSERT INTO `tb_role_privilege` VALUES ('25', '27');
INSERT INTO `tb_role_privilege` VALUES ('26', '27');
INSERT INTO `tb_role_privilege` VALUES ('13', '28');
INSERT INTO `tb_role_privilege` VALUES ('14', '28');
INSERT INTO `tb_role_privilege` VALUES ('15', '28');
INSERT INTO `tb_role_privilege` VALUES ('16', '28');
INSERT INTO `tb_role_privilege` VALUES ('18', '28');
INSERT INTO `tb_role_privilege` VALUES ('19', '28');
INSERT INTO `tb_role_privilege` VALUES ('20', '28');
INSERT INTO `tb_role_privilege` VALUES ('21', '28');
INSERT INTO `tb_role_privilege` VALUES ('22', '28');
INSERT INTO `tb_role_privilege` VALUES ('23', '28');
INSERT INTO `tb_role_privilege` VALUES ('24', '28');
INSERT INTO `tb_role_privilege` VALUES ('25', '28');
INSERT INTO `tb_role_privilege` VALUES ('26', '28');
INSERT INTO `tb_role_privilege` VALUES ('13', '29');
INSERT INTO `tb_role_privilege` VALUES ('14', '29');
INSERT INTO `tb_role_privilege` VALUES ('15', '29');
INSERT INTO `tb_role_privilege` VALUES ('16', '29');
INSERT INTO `tb_role_privilege` VALUES ('18', '29');
INSERT INTO `tb_role_privilege` VALUES ('19', '29');
INSERT INTO `tb_role_privilege` VALUES ('20', '29');
INSERT INTO `tb_role_privilege` VALUES ('21', '29');
INSERT INTO `tb_role_privilege` VALUES ('22', '29');
INSERT INTO `tb_role_privilege` VALUES ('23', '29');
INSERT INTO `tb_role_privilege` VALUES ('24', '29');
INSERT INTO `tb_role_privilege` VALUES ('25', '29');
INSERT INTO `tb_role_privilege` VALUES ('26', '29');
INSERT INTO `tb_role_privilege` VALUES ('13', '30');
INSERT INTO `tb_role_privilege` VALUES ('14', '30');
INSERT INTO `tb_role_privilege` VALUES ('15', '30');
INSERT INTO `tb_role_privilege` VALUES ('16', '30');
INSERT INTO `tb_role_privilege` VALUES ('18', '30');
INSERT INTO `tb_role_privilege` VALUES ('19', '30');
INSERT INTO `tb_role_privilege` VALUES ('20', '30');
INSERT INTO `tb_role_privilege` VALUES ('21', '30');
INSERT INTO `tb_role_privilege` VALUES ('22', '30');
INSERT INTO `tb_role_privilege` VALUES ('23', '30');
INSERT INTO `tb_role_privilege` VALUES ('24', '30');
INSERT INTO `tb_role_privilege` VALUES ('25', '30');
INSERT INTO `tb_role_privilege` VALUES ('26', '30');
INSERT INTO `tb_role_privilege` VALUES ('13', '31');
INSERT INTO `tb_role_privilege` VALUES ('14', '31');
INSERT INTO `tb_role_privilege` VALUES ('15', '31');
INSERT INTO `tb_role_privilege` VALUES ('16', '31');
INSERT INTO `tb_role_privilege` VALUES ('18', '31');
INSERT INTO `tb_role_privilege` VALUES ('19', '31');
INSERT INTO `tb_role_privilege` VALUES ('20', '31');
INSERT INTO `tb_role_privilege` VALUES ('21', '31');
INSERT INTO `tb_role_privilege` VALUES ('22', '31');
INSERT INTO `tb_role_privilege` VALUES ('23', '31');
INSERT INTO `tb_role_privilege` VALUES ('24', '31');
INSERT INTO `tb_role_privilege` VALUES ('25', '31');
INSERT INTO `tb_role_privilege` VALUES ('26', '31');
INSERT INTO `tb_role_privilege` VALUES ('13', '32');
INSERT INTO `tb_role_privilege` VALUES ('14', '32');
INSERT INTO `tb_role_privilege` VALUES ('15', '32');
INSERT INTO `tb_role_privilege` VALUES ('16', '32');
INSERT INTO `tb_role_privilege` VALUES ('18', '32');
INSERT INTO `tb_role_privilege` VALUES ('19', '32');
INSERT INTO `tb_role_privilege` VALUES ('20', '32');
INSERT INTO `tb_role_privilege` VALUES ('21', '32');
INSERT INTO `tb_role_privilege` VALUES ('22', '32');
INSERT INTO `tb_role_privilege` VALUES ('23', '32');
INSERT INTO `tb_role_privilege` VALUES ('24', '32');
INSERT INTO `tb_role_privilege` VALUES ('25', '32');
INSERT INTO `tb_role_privilege` VALUES ('26', '32');
INSERT INTO `tb_role_privilege` VALUES ('13', '33');
INSERT INTO `tb_role_privilege` VALUES ('14', '33');
INSERT INTO `tb_role_privilege` VALUES ('15', '33');
INSERT INTO `tb_role_privilege` VALUES ('16', '33');
INSERT INTO `tb_role_privilege` VALUES ('18', '33');
INSERT INTO `tb_role_privilege` VALUES ('19', '33');
INSERT INTO `tb_role_privilege` VALUES ('20', '33');
INSERT INTO `tb_role_privilege` VALUES ('21', '33');
INSERT INTO `tb_role_privilege` VALUES ('22', '33');
INSERT INTO `tb_role_privilege` VALUES ('23', '33');
INSERT INTO `tb_role_privilege` VALUES ('24', '33');
INSERT INTO `tb_role_privilege` VALUES ('25', '33');
INSERT INTO `tb_role_privilege` VALUES ('26', '33');

-- ----------------------------
-- Table structure for `tb_template`
-- ----------------------------
DROP TABLE IF EXISTS `tb_template`;
CREATE TABLE `tb_template` (
  `id` bigint(20) NOT NULL AUTO_INCREMENT,
  `name` varchar(255) DEFAULT NULL,
  `processKey` varchar(255) DEFAULT NULL,
  `path` varchar(255) DEFAULT NULL,
  PRIMARY KEY (`id`)
) ENGINE=InnoDB AUTO_INCREMENT=3 DEFAULT CHARSET=utf8;

-- ----------------------------
-- Records of tb_template
-- ----------------------------
INSERT INTO `tb_template` VALUES ('1', '请假单模板', '员工请假流程', 'D:\\apache-tomcat-7.0.52\\webapps\\OAWeb\\WEB-INF\\upload_files/2017/05/25/f5936a74-d458-403c-a1e2-4b4860491846');
INSERT INTO `tb_template` VALUES ('2', '费用报销单模板', '员工请假流程', 'D:\\apache-tomcat-7.0.52\\webapps\\OAWeb\\WEB-INF\\upload_files/2017/05/25/e035bc77-2a1c-433a-b9a7-e634c5b84ff3');

-- ----------------------------
-- Table structure for `tb_topic`
-- ----------------------------
DROP TABLE IF EXISTS `tb_topic`;
CREATE TABLE `tb_topic` (
  `id` bigint(20) NOT NULL AUTO_INCREMENT,
  `ipAddr` varchar(255) DEFAULT NULL,
  `content` longtext,
  `postTime` datetime DEFAULT NULL,
  `authorId` bigint(20) DEFAULT NULL,
  `title` varchar(255) DEFAULT NULL,
  `type` int(11) DEFAULT NULL,
  `replyCount` int(11) DEFAULT NULL,
  `lastUpdateTime` datetime DEFAULT NULL,
  `forumId` bigint(20) DEFAULT NULL,
  `lastReplyId` bigint(20) DEFAULT NULL,
  PRIMARY KEY (`id`),
  UNIQUE KEY `lastReplyId` (`lastReplyId`),
  KEY `FKFADE341EC28CCDC` (`lastReplyId`),
  KEY `FKFADE341E955AAB8E` (`authorId`),
  KEY `FKFADE341E94D496E0` (`forumId`),
  CONSTRAINT `FKFADE341E94D496E0` FOREIGN KEY (`forumId`) REFERENCES `tb_forum` (`id`),
  CONSTRAINT `FKFADE341E955AAB8E` FOREIGN KEY (`authorId`) REFERENCES `tb_user` (`id`),
  CONSTRAINT `FKFADE341EC28CCDC` FOREIGN KEY (`lastReplyId`) REFERENCES `tb_reply` (`id`)
) ENGINE=InnoDB AUTO_INCREMENT=36 DEFAULT CHARSET=utf8;

-- ----------------------------
-- Records of tb_topic
-- ----------------------------
INSERT INTO `tb_topic` VALUES ('1', '0:0:0:0:0:0:0:1', 'Java核心知识是什么，可以告诉我么', '2017-05-25 19:55:01', '1', 'java核心知识', '1', '44', '2017-05-26 19:46:02', '1', '59');
INSERT INTO `tb_topic` VALUES ('2', '0:0:0:0:0:0:0:1', '&nbsp;JSP怎么实现文件上传,我要原生的方式', '2017-05-25 23:06:24', '3', 'JSP文件上传', '0', '1', '2017-05-25 23:06:40', '2', '4');
INSERT INTO `tb_topic` VALUES ('3', '0:0:0:0:0:0:0:1', '&nbsp;Hibernate的缓存有什么用', '2017-05-25 23:07:19', '3', 'Hibernate的缓存问题', '0', '0', '2017-05-25 23:07:19', '3', null);
INSERT INTO `tb_topic` VALUES ('4', '0:0:0:0:0:0:0:1', '&nbsp;HTML页面中怎么事项图片上下循环滚动，当一点击是可以跳到另一页面', '2017-05-25 23:07:51', '3', '实现图片上下循环滚动', '0', '1', '2017-05-31 17:25:42', '4', '65');
INSERT INTO `tb_topic` VALUES ('5', '0:0:0:0:0:0:0:1', '&nbsp;如何用Oracle数据库事项数据分页显示', '2017-05-25 23:08:18', '3', '数据分页显示', '0', '1', '2017-05-25 23:08:34', '5', '5');
INSERT INTO `tb_topic` VALUES ('6', '0:0:0:0:0:0:0:1', '&nbsp;java好就业么，现在好多人学着学着就放弃了！', '2017-05-25 23:09:28', '3', 'Java好就业么', '0', '0', '2017-05-25 23:09:28', '6', null);
INSERT INTO `tb_topic` VALUES ('7', '0:0:0:0:0:0:0:1', '&nbsp;大神，可以给我讲解多线程么？', '2017-05-25 23:10:27', '2', '多线程', '1', '1', '2017-05-25 23:10:43', '1', '6');
INSERT INTO `tb_topic` VALUES ('8', '0:0:0:0:0:0:0:1', '&nbsp;JSP的内置对象有哪些?', '2017-05-25 23:11:18', '2', 'JSP的内置对象', '1', '1', '2017-05-30 21:18:38', '2', '64');
INSERT INTO `tb_topic` VALUES ('9', '0:0:0:0:0:0:0:1', '&nbsp;struts2和struts1有什么区别！', '2017-05-25 23:11:57', '2', 'Struts问题', '0', '2', '2017-05-26 19:28:27', '3', '41');
INSERT INTO `tb_topic` VALUES ('10', '0:0:0:0:0:0:0:1', '&nbsp;HTML5现在很火，我学完HTML想去学HTML5可以么', '2017-05-25 23:13:04', '2', 'HTML5', '0', '1', '2017-05-25 23:13:20', '4', '8');
INSERT INTO `tb_topic` VALUES ('11', '0:0:0:0:0:0:0:1', '&nbsp;MySQL怎么解决中文乱码问题呀', '2017-05-25 23:13:56', '2', 'MySQL乱码', '0', '0', '2017-05-25 23:13:56', '5', null);
INSERT INTO `tb_topic` VALUES ('12', '0:0:0:0:0:0:0:1', '&nbsp;尚学堂和传智播客哪个好，我打算去培训Java', '2017-05-25 23:14:41', '2', '尚学堂和传智播客哪个好', '0', '0', '2017-05-25 23:14:41', '6', null);
INSERT INTO `tb_topic` VALUES ('13', '0:0:0:0:0:0:0:1', '&nbsp;网络编程重要么，看起来很好玩的样子', '2017-05-25 23:18:34', '4', '网络编程', '0', '1', '2017-05-25 23:33:28', '1', '21');
INSERT INTO `tb_topic` VALUES ('14', '0:0:0:0:0:0:0:1', '&nbsp;GUI编程现在还学么，感觉现在没什么人用！', '2017-05-25 23:19:22', '4', 'GUI编程', '0', '1', '2017-05-26 19:19:40', '1', '36');
INSERT INTO `tb_topic` VALUES ('15', '0:0:0:0:0:0:0:1', '&nbsp;今天去面试，面试官问了spring的作用', '2017-05-25 23:20:11', '4', 'spring作用', '0', '0', '2017-05-25 23:20:11', '3', null);
INSERT INTO `tb_topic` VALUES ('16', '0:0:0:0:0:0:0:1', '&nbsp;MySQL怎么导入文件，能不能详细说说', '2017-05-25 23:21:13', '4', 'MySQL导入文件', '0', '0', '2017-05-25 23:21:13', '5', null);
INSERT INTO `tb_topic` VALUES ('17', '0:0:0:0:0:0:0:1', '&nbsp;list和set的区别是什么，能详细解释下么', '2017-05-25 23:27:17', '5', 'list和set的区别', '0', '1', '2017-05-25 23:27:31', '1', '18');
INSERT INTO `tb_topic` VALUES ('18', '0:0:0:0:0:0:0:1', '&nbsp;Java的数据类型有哪些', '2017-05-25 23:28:13', '5', 'Java的数据类型有哪些', '2', '2', '2017-05-25 23:31:07', '1', '20');
INSERT INTO `tb_topic` VALUES ('19', '0:0:0:0:0:0:0:1', '&nbsp;jsp中Javabean的作用是什么', '2017-05-25 23:28:48', '5', 'jsp中Javabean的作用', '0', '2', '2017-05-30 21:11:37', '2', '61');
INSERT INTO `tb_topic` VALUES ('20', '0:0:0:0:0:0:0:1', '&nbsp;Hibernate中get和load的区别，详细点咯', '2017-05-25 23:29:30', '5', 'Hibernate中get和load', '0', '0', '2017-05-25 23:29:30', '3', null);
INSERT INTO `tb_topic` VALUES ('21', '0:0:0:0:0:0:0:1', '&nbsp;DDL是什么意思', '2017-05-25 23:29:57', '5', 'DDL是什么意思', '0', '0', '2017-05-25 23:29:57', '5', null);
INSERT INTO `tb_topic` VALUES ('22', '0:0:0:0:0:0:0:1', '&nbsp;String,StringBuffer和stringBuilder的区别', '2017-05-25 23:31:56', '6', 'String,StringBuffer和stringBuilder', '0', '0', '2017-05-25 23:31:56', '1', null);
INSERT INTO `tb_topic` VALUES ('23', '0:0:0:0:0:0:0:1', '&nbsp;String中可以用什么方法分割子串', '2017-05-25 23:32:54', '6', '分割子串', '0', '0', '2017-05-25 23:32:54', '1', null);
INSERT INTO `tb_topic` VALUES ('24', '0:0:0:0:0:0:0:1', 'Java日期怎么处理，急', '2017-05-25 23:40:53', '7', 'Java日期处理', '0', '1', '2017-05-25 23:41:05', '1', '22');
INSERT INTO `tb_topic` VALUES ('25', '0:0:0:0:0:0:0:1', 'jsp中JDBC连接实现方式', '2017-05-25 23:41:57', '7', 'jsp中JDBC连接', '0', '1', '2017-05-30 21:16:29', '2', '63');
INSERT INTO `tb_topic` VALUES ('26', '0:0:0:0:0:0:0:1', 'Java学习视频谁有，求发一下', '2017-05-25 23:47:31', '8', 'java学习视频', '0', '0', '2017-05-25 23:47:31', '1', null);
INSERT INTO `tb_topic` VALUES ('27', '0:0:0:0:0:0:0:1', '用这个论坛来记录我的Java学习历程吧，希望各位不要喷', '2017-05-25 23:48:25', '8', '记录我的Java学习历程', '0', '0', '2017-05-25 23:48:25', '1', null);
INSERT INTO `tb_topic` VALUES ('28', '0:0:0:0:0:0:0:1', '&nbsp;IO这章学的不怎么好，希望各位提点建议', '2017-05-26 19:16:40', '9', 'io流问题', '0', '0', '2017-05-26 19:16:40', '1', null);
INSERT INTO `tb_topic` VALUES ('29', '0:0:0:0:0:0:0:1', '&nbsp;大家说说怎么学的Java，我一般看视频！', '2017-05-26 19:17:20', '9', '大家说说怎么学的Java', '0', '0', '2017-05-26 19:17:20', '1', null);
INSERT INTO `tb_topic` VALUES ('30', '0:0:0:0:0:0:0:1', '&nbsp;大家说说怎么学的Java，我需要详细点', '2017-05-26 19:18:14', '9', 'Java中重载和重写的区别', '0', '0', '2017-05-26 19:18:14', '1', null);
INSERT INTO `tb_topic` VALUES ('31', '0:0:0:0:0:0:0:1', '&nbsp;构造方法的作用是什么？', '2017-05-26 19:18:56', '9', '构造方法', '0', '2', '2017-05-26 19:25:42', '1', '38');
INSERT INTO `tb_topic` VALUES ('32', '0:0:0:0:0:0:0:1', '&nbsp;cookie会话什么作用', '2017-05-26 19:20:27', '9', 'cookie会话', '0', '1', '2017-05-30 21:13:50', '2', '62');
INSERT INTO `tb_topic` VALUES ('33', '0:0:0:0:0:0:0:1', '&nbsp;一个类的公共成员与私有成员有何区别', '2017-05-26 19:22:27', '9', '公共成员与私有成员', '0', '0', '2017-05-26 19:22:27', '1', null);
INSERT INTO `tb_topic` VALUES ('34', '0:0:0:0:0:0:0:1', '&nbsp;构造方法有哪些特性？', '2017-05-26 19:23:09', '9', '构造方法', '0', '0', '2017-05-26 19:23:09', '1', null);
INSERT INTO `tb_topic` VALUES ('35', '0:0:0:0:0:0:0:1', '&nbsp;匿名对象一般在什么时候用？', '2017-05-26 19:25:26', '10', '匿名对象', '0', '1', '2017-05-26 19:29:50', '1', '42');

-- ----------------------------
-- Table structure for `tb_user`
-- ----------------------------
DROP TABLE IF EXISTS `tb_user`;
CREATE TABLE `tb_user` (
  `id` bigint(20) NOT NULL AUTO_INCREMENT,
  `loginName` varchar(255) DEFAULT NULL,
  `password` varchar(255) DEFAULT NULL,
  `name` varchar(255) DEFAULT NULL,
  `gender` varchar(255) DEFAULT NULL,
  `phoneNumber` varchar(255) DEFAULT NULL,
  `email` varchar(255) DEFAULT NULL,
  `description` varchar(255) DEFAULT NULL,
  `departmentId` bigint(20) DEFAULT NULL,
  PRIMARY KEY (`id`),
  KEY `FKA4FF6AFC3321B55C` (`departmentId`),
  CONSTRAINT `FKA4FF6AFC3321B55C` FOREIGN KEY (`departmentId`) REFERENCES `tb_department` (`id`)
) ENGINE=InnoDB AUTO_INCREMENT=16 DEFAULT CHARSET=utf8;

-- ----------------------------
-- Records of tb_user
-- ----------------------------
INSERT INTO `tb_user` VALUES ('1', 'admin', '21232f297a57a5a743894a0e4a801fc3', '超级管理员', '男', '15845687958', 'admin@126.com', '超级管理员', null);
INSERT INTO `tb_user` VALUES ('2', 'zhangsan', '01d7f40760960e7bd9443513f22ab9af', '张三', '男', '15970831032', '15970831032@qq.com', '工作负责，认真', '1');
INSERT INTO `tb_user` VALUES ('3', 'lisi', '81dc9bdb52d04dc20036dbd8313ed055', '李四', '男', '15612356897', '456826@qq.com', '技术大神', '1');
INSERT INTO `tb_user` VALUES ('4', 'wangwu', '81dc9bdb52d04dc20036dbd8313ed055', '王五', '男', '13756238975', '4526378@qq.com', '为人热情大方', '1');
INSERT INTO `tb_user` VALUES ('5', 'xiaoyou', '81dc9bdb52d04dc20036dbd8313ed055', '小游', '男', '15125637896', '126589@qq.com', '心有多大，舞台就有多大！', '2');
INSERT INTO `tb_user` VALUES ('6', 'xiaoqi', '81dc9bdb52d04dc20036dbd8313ed055', '小七', '女', '15123567895', '125634@qq.com', '擅长javaweb，有多年开发经验', '9');
INSERT INTO `tb_user` VALUES ('7', 'weiwei', '81dc9bdb52d04dc20036dbd8313ed055', '微微', '女', '15962354895', '1597865@qq.com', '奋斗每一天，开心每一天！', '3');
INSERT INTO `tb_user` VALUES ('8', 'xiaobing', '81dc9bdb52d04dc20036dbd8313ed055', '刘斌', '男', '15263255689', 'xiaobing@qq.com', '性格开朗，人脉广泛', '8');
INSERT INTO `tb_user` VALUES ('9', 'xiaohua', '81dc9bdb52d04dc20036dbd8313ed055', '萧华', '女', '13845687958', '1568978@qq.com', '兴趣广泛，工作负责', '7');
INSERT INTO `tb_user` VALUES ('10', 'Tom', '81dc9bdb52d04dc20036dbd8313ed055', 'Tom', '男', '15215678956', 'tom@126.com', '全能型人才', '4');
INSERT INTO `tb_user` VALUES ('11', 'xiaoxing', '81dc9bdb52d04dc20036dbd8313ed055', '文小星', '女', '13789565689', 'xiaoxing@163.com', '静态页面大神', '5');
INSERT INTO `tb_user` VALUES ('12', 'xiaoli', '81dc9bdb52d04dc20036dbd8313ed055', '李明辉', '男', '13623568956', '1258946@qq.com', '研发产品', '6');
INSERT INTO `tb_user` VALUES ('13', 'xiaoxiao', '81dc9bdb52d04dc20036dbd8313ed055', '钟晓婷', '女', '15265895623', 'xiaoting@qq.com', '工作积极，性子温和', '10');
INSERT INTO `tb_user` VALUES ('14', 'yanxu', '81dc9bdb52d04dc20036dbd8313ed055', '严旭', '男', '13756898569', '456852@qq.com', '性格温和，为人友善', '11');
INSERT INTO `tb_user` VALUES ('15', 'Jack', '81dc9bdb52d04dc20036dbd8313ed055', 'Jack', '男', '15678952356', '1597856@qq.com', '高级测试人员', '12');

-- ----------------------------
-- Table structure for `tb_user_role`
-- ----------------------------
DROP TABLE IF EXISTS `tb_user_role`;
CREATE TABLE `tb_user_role` (
  `userId` bigint(20) NOT NULL,
  `roleId` bigint(20) NOT NULL,
  PRIMARY KEY (`userId`,`roleId`),
  KEY `FK37884BD98C59064` (`roleId`),
  KEY `FK37884BD9E1AE5CE` (`userId`),
  CONSTRAINT `FK37884BD98C59064` FOREIGN KEY (`roleId`) REFERENCES `tb_role` (`id`),
  CONSTRAINT `FK37884BD9E1AE5CE` FOREIGN KEY (`userId`) REFERENCES `tb_user` (`id`)
) ENGINE=InnoDB DEFAULT CHARSET=utf8;

-- ----------------------------
-- Records of tb_user_role
-- ----------------------------
INSERT INTO `tb_user_role` VALUES ('2', '13');
INSERT INTO `tb_user_role` VALUES ('8', '13');
INSERT INTO `tb_user_role` VALUES ('9', '13');
INSERT INTO `tb_user_role` VALUES ('13', '13');
INSERT INTO `tb_user_role` VALUES ('3', '14');
INSERT INTO `tb_user_role` VALUES ('4', '15');
INSERT INTO `tb_user_role` VALUES ('5', '15');
INSERT INTO `tb_user_role` VALUES ('12', '16');
INSERT INTO `tb_user_role` VALUES ('6', '18');
INSERT INTO `tb_user_role` VALUES ('10', '19');
INSERT INTO `tb_user_role` VALUES ('11', '20');
INSERT INTO `tb_user_role` VALUES ('14', '21');
INSERT INTO `tb_user_role` VALUES ('15', '24');
INSERT INTO `tb_user_role` VALUES ('7', '26');
